I0,I1,I2,O0,O1,O2,O3,O4,O5,O6,FX,FY,FZ,E1,E2,E3,I3,I4,I5,I6,I7,I8
-9.973874,29.9605,28,-75.579168,24.653912,41.298439,98.019037,-1.592728,0,-9.818693,-0.194792,0.014455,0.312737,0,0.000002,0.000001,48,128,605,49,131,609
-10.099738,-12.030351,28,-75.579168,24.653912,41.298439,98.019037,-1.592728,0,-9.818693,-0.194792,0.014455,0.312737,0,0.000002,0.000001,237,128,538,237,127,530
-16.083791,13.537221,28,-75.579168,24.653912,41.298439,98.019037,-1.592728,0,-9.818693,-0.194792,0.014455,0.312737,0,0.000002,0.000001,128,102,493,129,103,481
-19.872559,-4.554986,28,-75.579168,24.653912,41.298439,98.019037,-1.592728,0,-9.818693,-0.194792,0.014455,0.312737,0,0.000002,0.000001,201,84,508,203,86,505
-4.125696,11.98196,28,-88.232441,24.138715,53.354061,89.897886,-0.739187,0,-5.548828,-0.197922,-0.009274,0.327186,0.000001,0.00005,0.000032,91,126,492,91,126,490
-2.485056,-19.806742,28,-88.232441,24.138715,53.354061,89.897886,-0.739187,0,-5.548828,-0.197922,-0.009274,0.327186,0.000001,0.00005,0.000032,229,133,503,230,133,478
-12.01433,14.136661,28,-88.232441,24.138715,53.354061,89.897886,-0.739187,0,-5.548828,-0.197922,-0.009274,0.327186,0.000001,0.00005,0.000032,80,92,515,81,92,509
-17.880445,-8.768949,28,-88.232441,24.138715,53.354061,89.897886,-0.739187,0,-5.548828,-0.197922,-0.009274,0.327186,0.000001,0.00005,0.000032,176,67,470,179,65,469
-14.569911,6.795841,28,-86.154554,24.024537,56.025812,92.695915,-0.880417,0,-5.889443,-0.193557,-0.019671,0.312999,0.000001,0.000002,0.000001,96,106,511,96,106,535
4.597246,-20.906216,28,-86.154554,24.024537,56.025812,92.695915,-0.880417,0,-5.889443,-0.193557,-0.019671,0.312999,0.000001,0.000002,0.000001,211,187,549,215,194,564
-19.879998,-2.619925,28,-86.154554,24.024537,56.025812,92.695915,-0.880417,0,-5.889443,-0.193557,-0.019671,0.312999,0.000001,0.000002,0.000001,138,89,479,139,87,491
-19.445842,-20.860856,28,-86.154554,24.024537,56.025812,92.695915,-0.880417,0,-5.889443,-0.193557,-0.019671,0.312999,0.000001,0.000002,0.000001,214,89,520,214,84,510
9.903726,11.126044,28,-95,23.893169,59.099827,89.289229,78.062882,-8.609612,2.962388,-0.196523,-0.013796,0.359867,0.001964,0.007689,0.009358,86,126,504,87,125,515
9.978413,-25.517155,28,-95,23.893169,59.099827,89.289229,78.062882,-8.609612,2.962388,-0.196523,-0.013796,0.359867,0.001964,0.007689,0.009358,248,124,537,248,127,549
-6.058376,18.352099,28,-95,23.893169,59.099827,89.289229,78.062882,-8.609612,2.962388,-0.196523,-0.013796,0.359867,0.001964,0.007689,0.009358,47,53,642,52,51,620
0.223883,-5.243858,28,-95,23.893169,59.099827,89.289229,78.062882,-8.609612,2.962388,-0.196523,-0.013796,0.359867,0.001964,0.007689,0.009358,152,83,464,154,81,466
4.000927,1.312963,28,-94.565094,24.024392,56.029208,85.537124,-0.528446,0,-3.865949,-0.198651,-0.008762,0.343091,0.000001,0.000019,0.000012,141,129,432,142,129,437
9.802435,-8.614741,28,-94.565094,24.024392,56.029208,85.537124,-0.528446,0,-3.865949,-0.198651,-0.008762,0.343091,0.000001,0.000019,0.000012,177,153,431,178,155,424
-14.314902,22.892257,28,-94.565094,24.024392,56.029208,85.537124,-0.528446,0,-3.865949,-0.198651,-0.008762,0.343091,0.000001,0.000019,0.000012,33,47,639,37,49,622
-16.103582,-22.311194,28,-94.565094,24.024392,56.029208,85.537124,-0.528446,0,-3.865949,-0.198651,-0.008762,0.343091,0.000001,0.000019,0.000012,241,42,544,245,37,561
9.150071,24.872364,28,-75.784047,24.73933,39.299668,97.996942,-1.304049,0,-10.14763,-0.194093,0.020884,0.317603,0.000002,0.000004,0.000003,85,206,606,90,198,583
-13.996753,14.822854,28,-75.784047,24.73933,39.299668,97.996942,-1.304049,0,-10.14763,-0.194093,0.020884,0.317603,0.000002,0.000004,0.000003,134,103,471,135,104,475
-11.276132,-7.914965,28,-75.784047,24.73933,39.299668,97.996942,-1.304049,0,-10.14763,-0.194093,0.020884,0.317603,0.000002,0.000004,0.000003,229,113,507,230,113,527
6.14513,-29.007158,28,-95,23.514507,67.960523,97.517401,34.75723,-12.448894,6.405698,-0.171662,-0.056804,0.343831,0.001111,0.021529,0.018498,169,134,485,168,138,656
-6.244743,0.851049,28,-95,23.514507,67.960523,97.517401,34.75723,-12.448894,6.405698,-0.171662,-0.056804,0.343831,0.001111,0.021529,0.018498,33,89,664,33,81,937
-10.698134,-28.90178,28,-95,23.514507,67.960523,97.517401,34.75723,-12.448894,6.405698,-0.171662,-0.056804,0.343831,0.001111,0.021529,0.018498,167,76,497,167,64,710
9.166766,12.531404,28,-92.629674,24.088605,54.52662,86.761352,-0.784823,0,-4.102448,-0.198862,-0.006987,0.339902,0,0.000001,0.000001,92,158,480,94,159,477
7.296144,-10.246479,28,-92.629674,24.088605,54.52662,86.761352,-0.784823,0,-4.102448,-0.198862,-0.006987,0.339902,0,0.000001,0.000001,188,152,443,189,153,438
-7.438895,-1.430777,28,-92.629674,24.088605,54.52662,86.761352,-0.784823,0,-4.102448,-0.198862,-0.006987,0.339902,0,0.000001,0.000001,155,92,433,156,91,417
-3.164491,-2.667247,28,-92.629674,24.088605,54.52662,86.761352,-0.784823,0,-4.102448,-0.198862,-0.006987,0.339902,0,0.000001,0.000001,157,103,422,158,102,426
7.109033,28.081704,28,-86.044193,24.680987,40.664898,91.063674,-1.463178,0,-7.553681,-0.193588,0.027423,0.348405,0.000001,0.000002,0.000002,85,135,480,85,132,497
5.763336,3.265402,28,-86.044193,24.680987,40.664898,91.063674,-1.463178,0,-7.553681,-0.193588,0.027423,0.348405,0.000001,0.000002,0.000002,190,129,439,190,128,448
-2.117438,27.613665,28,-86.044193,24.680987,40.664898,91.063674,-1.463178,0,-7.553681,-0.193588,0.027423,0.348405,0.000001,0.000002,0.000002,87,94,483,88,97,503
-8.926079,-9.261974,28,-86.044193,24.680987,40.664898,91.063674,-1.463178,0,-7.553681,-0.193588,0.027423,0.348405,0.000001,0.000002,0.000002,250,60,532,253,65,553
-6.360167,10.118408,28,-83.761773,24.156462,52.938772,93.627917,-0.674028,0,-6.422314,-0.195034,-0.013198,0.312685,0,0.000002,0.000002,92,141,517,93,142,519
-15.794007,-7.989288,28,-83.761773,24.156462,52.938772,93.627917,-0.674028,0,-6.422314,-0.195034,-0.013198,0.312685,0,0.000002,0.000002,167,104,465,168,104,462
-17.146263,8.455387,28,-83.761773,24.156462,52.938772,93.627917,-0.674028,0,-6.422314,-0.195034,-0.013198,0.312685,0,0.000002,0.000002,100,97,512,101,96,513
-17.25317,-17.040964,28,-83.761773,24.156462,52.938772,93.627917,-0.674028,0,-6.422314,-0.195034,-0.013198,0.312685,0,0.000002,0.000002,208,97,497,209,95,501
6.582299,27.670369,28,-78.095418,25.175724,29.08805,101.187037,-1.406212,0,-11.687635,-0.173509,0.055301,0.343541,0.000002,0.000002,0.000001,149,136,641,149,133,474
6.672105,2.825174,28,-78.095418,25.175724,29.08805,101.187037,-1.406212,0,-11.687635,-0.173509,0.055301,0.343541,0.000002,0.000002,0.000001,260,143,783,259,138,579
-14.141473,28.188772,28,-78.095418,25.175724,29.08805,101.187037,-1.406212,0,-11.687635,-0.173509,0.055301,0.343541,0.000002,0.000002,0.000001,151,51,704,151,66,503
7.34562,28.135966,28,-79.656575,25.143335,29.845974,99.857886,-2.679096,-0.000008,-11.139994,-0.174061,0.054696,0.347275,0.000007,0.000009,0.000007,147,131,641,146,129,475
8.142648,-5.292887,28,-79.656575,25.143335,29.845974,99.857886,-2.679096,-0.000008,-11.139994,-0.174061,0.054696,0.347275,0.000007,0.000009,0.000007,302,141,940,302,137,710
-18.986318,26.441414,28,-79.656575,25.143335,29.845974,99.857886,-2.679096,-0.000008,-11.139994,-0.174061,0.054696,0.347275,0.000007,0.000009,0.000007,159,18,787,160,41,542
6.964813,19.61371,28,-88.808335,24.386164,47.563749,88.58716,-0.679771,-0.074501,-5.911705,-0.19859,0.009258,0.343036,0.000001,0.000015,0.000011,89,144,459,90,143,479
5.150078,-29.192053,28,-88.808335,24.386164,47.563749,88.58716,-0.679771,-0.074501,-5.911705,-0.19859,0.009258,0.343036,0.000001,0.000015,0.000011,312,137,340,312,139,321
-11.324958,28.556196,28,-88.808335,24.386164,47.563749,88.58716,-0.679771,-0.074501,-5.911705,-0.19859,0.009258,0.343036,0.000001,0.000015,0.000011,43,59,587,45,65,585
-1.217446,-25.376124,28,-88.808335,24.386164,47.563749,88.58716,-0.679771,-0.074501,-5.911705,-0.19859,0.009258,0.343036,0.000001,0.000015,0.000011,296,107,619,297,107,617
1.695162,4.462358,28,-83.015208,24.437026,46.373575,92.771219,-0.948846,0,-7.129525,-0.19814,0.006011,0.325943,0.000002,0.00001,0.000008,150,149,455,152,149,454
7.185953,-28.308454,28,-83.015208,24.437026,46.373575,92.771219,-0.948846,0,-7.129525,-0.19814,0.006011,0.325943,0.000002,0.00001,0.000008,305,184,688,307,185,600
-15.904612,27.158685,28,-83.015208,24.437026,46.373575,92.771219,-0.948846,0,-7.129525,-0.19814,0.006011,0.325943,0.000002,0.00001,0.000008,44,74,599,45,80,595
-15.624547,-26.908121,28,-83.015208,24.437026,46.373575,92.771219,-0.948846,0,-7.129525,-0.19814,0.006011,0.325943,0.000002,0.00001,0.000008,299,77,672,300,72,673
8.680981,16.670266,28,-90.399778,24.525454,44.304353,87.80332,-1.173752,0,-5.841702,-0.195169,0.021331,0.355552,0,0.000002,0.000002,127,128,439,127,126,462
9.154775,-0.225984,28,-90.399778,24.525454,44.304353,87.80332,-1.173752,0,-5.841702,-0.195169,0.021331,0.355552,0,0.000002,0.000002,194,130,458,195,130,462
-1.688117,27.347575,28,-90.399778,24.525454,44.304353,87.80332,-1.173752,0,-5.841702,-0.195169,0.021331,0.355552,0,0.000002,0.000002,75,82,521,77,85,532
-10.185226,-14.386023,28,-90.399778,24.525454,44.304353,87.80332,-1.173752,0,-5.841702,-0.195169,0.021331,0.355552,0,0.000002,0.000002,262,38,624,268,43,638
4.379105,9.974026,31,-87.808324,24.524099,44.336082,93.081589,-1.108734,0,-7.204713,-0.183358,0.015722,0.347238,0,0.000002,0.000002,149,121,542,150,122,529
4.185926,-9.776983,31,-87.808324,24.524099,44.336082,93.081589,-1.108734,0,-7.204713,-0.183358,0.015722,0.347238,0,0.000002,0.000002,231,123,600,232,123,593
-16.720186,10.021296,31,-87.808324,24.524099,44.336082,93.081589,-1.108734,0,-7.204713,-0.183358,0.015722,0.347238,0,0.000002,0.000002,146,31,630,153,37,612
-7.365763,-19.312527,31,-87.808324,24.524099,44.336082,93.081589,-1.108734,0,-7.204713,-0.183358,0.015722,0.347238,0,0.000002,0.000002,280,66,756,283,68,761
-0.312335,-26.572777,31,-95,23.491879,68.490027,97.903932,-52.856443,-20.500164,2.301492,-0.169679,-0.041888,0.327989,0.000226,0.00514,0.004328,185,143,574,185,149,703
-15.81868,-27.307261,31,-95,23.491879,68.490027,97.903932,-52.856443,-20.500164,2.301492,-0.169679,-0.041888,0.327989,0.000226,0.00514,0.004328,189,87,589,188,78,713
-16.360188,23.641223,31,-74.433041,24.773567,38.498525,102.598352,-1.680048,0,-12.009503,-0.179368,0.021099,0.316016,0.000002,0.000006,0.000004,97,98,651,98,102,626
1.967386,9.286753,31,-74.433041,24.773567,38.498525,102.598352,-1.680048,0,-12.009503,-0.179368,0.021099,0.316016,0.000002,0.000006,0.000004,155,178,629,159,172,615
-19.598587,17.210922,31,-74.433041,24.773567,38.498525,102.598352,-1.680048,0,-12.009503,-0.179368,0.021099,0.316016,0.000002,0.000006,0.000004,124,89,623,125,92,599
-19.525923,7.529823,31,-74.433041,24.773567,38.498525,102.598352,-1.680048,0,-12.009503,-0.179368,0.021099,0.316016,0.000002,0.000006,0.000004,162,85,611,164,88,588
4.343625,19.635095,31,-95,23.710279,63.379468,95.133979,46.353212,-11.129874,5.759736,-0.177474,-0.031028,0.347816,0.000885,0.008831,0.008978,5,122,300,4,121,306
6.332148,-23.637908,31,-95,23.710279,63.379468,95.133979,46.353212,-11.129874,5.759736,-0.177474,-0.031028,0.347816,0.000885,0.008831,0.008978,198,129,558,198,130,585
3.150747,-0.131935,31,-95,23.710279,63.379468,95.133979,46.353212,-11.129874,5.759736,-0.177474,-0.031028,0.347816,0.000885,0.008831,0.008978,100,117,586,100,117,593
-10.079822,-24.247297,31,-95,23.710279,63.379468,95.133979,46.353212,-11.129874,5.759736,-0.177474,-0.031028,0.347816,0.000885,0.008831,0.008978,199,67,591,202,57,635
7.984778,-9.92758,31,-95,23.814022,60.951883,91.854568,-0.719485,-4.002261,-0.824198,-0.180994,-0.023456,0.335157,0,0.000005,0.000004,151,162,554,153,167,566
-2.917073,22.002852,31,-95,23.814022,60.951883,91.854568,-0.719485,-4.002261,-0.824198,-0.180994,-0.023456,0.335157,0,0.000005,0.000004,9,119,463,8,120,500
-10.15579,-14.272074,31,-95,23.814022,60.951883,91.854568,-0.719485,-4.002261,-0.824198,-0.180994,-0.023456,0.335157,0,0.000005,0.000004,171,89,539,173,86,540
0.99861,24.874711,31,-71.939043,24.966919,33.974089,105.586103,-2.33298,0,-12.774657,-0.173924,0.033323,0.317174,0.000003,0.000004,0.000002,118,174,686,121,166,634
3.753307,11.008801,31,-71.939043,24.966919,33.974089,105.586103,-2.33298,0,-12.774657,-0.173924,0.033323,0.317174,0.000003,0.000004,0.000002,173,191,700,178,180,630
-19.298115,15.797061,31,-71.939043,24.966919,33.974089,105.586103,-2.33298,0,-12.774657,-0.173924,0.033323,0.317174,0.000003,0.000004,0.000002,157,91,645,157,94,591
-17.845681,0.300033,31,-71.939043,24.966919,33.974089,105.586103,-2.33298,0,-12.774657,-0.173924,0.033323,0.317174,0.000003,0.000004,0.000002,223,92,709,224,95,641
5.801575,24.090029,31,-90.404656,24.361481,48.141327,91.184566,-1.114256,0,-6.249427,-0.184875,0.00697,0.347642,0.000001,0.000002,0.000002,64,130,640,65,128,625
7.193901,-27.683419,31,-90.404656,24.361481,48.141327,91.184566,-1.114256,0,-6.249427,-0.184875,0.00697,0.347642,0.000001,0.000002,0.000002,305,135,725,305,137,689
-11.945753,10.54612,31,-90.404656,24.361481,48.141327,91.184566,-1.114256,0,-6.249427,-0.184875,0.00697,0.347642,0.000001,0.000002,0.000002,127,51,587,132,54,588
-0.445711,-2.604713,31,-90.404656,24.361481,48.141327,91.184566,-1.114256,0,-6.249427,-0.184875,0.00697,0.347642,0.000001,0.000002,0.000002,179,98,548,181,99,522
9.273884,19.012054,31,-95,23.790959,61.491543,94.613187,30.709232,-12.729242,6.434459,-0.178593,-0.027314,0.355476,0.001173,0.010592,0.011511,12,127,673,12,126,735
8.938954,-20.129146,31,-95,23.790959,61.491543,94.613187,30.709232,-12.729242,6.434459,-0.178593,-0.027314,0.355476,0.001173,0.010592,0.011511,191,124,569,191,125,598
5.902258,5.413015,31,-95,23.790959,61.491543,94.613187,30.709232,-12.729242,6.434459,-0.178593,-0.027314,0.355476,0.001173,0.010592,0.011511,82,113,623,82,112,647
2.116032,-27.07092,31,-95,23.790959,61.491543,94.613187,30.709232,-12.729242,6.434459,-0.178593,-0.027314,0.355476,0.001173,0.010592,0.011511,222,97,608,223,94,628
8.256266,22.975706,31,-73.667446,25.039696,32.271091,105.223998,-2.021227,0,-12.836251,-0.170805,0.040036,0.325308,0.000001,0.000001,0.000001,142,190,737,144,177,620
-13.034983,26.21904,31,-73.667446,25.039696,32.271091,105.223998,-2.021227,0,-12.836251,-0.170805,0.040036,0.325308,0.000001,0.000001,0.000001,130,98,688,129,103,585
-14.785987,-9.702939,31,-73.667446,25.039696,32.271091,105.223998,-2.021227,0,-12.836251,-0.170805,0.040036,0.325308,0.000001,0.000001,0.000001,294,87,970,294,91,842
6.014536,-17.730856,31,-95,23.631496,65.222979,96.269645,-61.750967,-20.718785,1.382687,-0.17425,-0.036755,0.342077,0.000683,0.009042,0.008584,158,139,546,158,143,600
-6.991123,-0.941423,31,-95,23.631496,65.222979,96.269645,-61.750967,-20.718785,1.382687,-0.17425,-0.036755,0.342077,0.000683,0.009042,0.008584,89,91,611,90,86,680
-15.883787,-23.279624,31,-95,23.631496,65.222979,96.269645,-61.750967,-20.718785,1.382687,-0.17425,-0.036755,0.342077,0.000683,0.009042,0.008584,181,57,594,183,43,665
4.731172,4.78235,31,-95,23.725696,63.018689,94.680974,22.750443,-13.658837,6.635442,-0.178808,-0.028414,0.347607,0.000829,0.007461,0.007698,82,124,599,82,124,607
5.537778,-21.249437,31,-95,23.725696,63.018689,94.680974,22.750443,-13.658837,6.635442,-0.178808,-0.028414,0.347607,0.000829,0.007461,0.007698,193,126,548,194,128,538
-15.351844,3.795837,31,-95,23.725696,63.018689,94.680974,22.750443,-13.658837,6.635442,-0.178808,-0.028414,0.347607,0.000829,0.007461,0.007698,81,42,688,88,32,700
-3.511438,-19.741635,31,-95,23.725696,63.018689,94.680974,22.750443,-13.658837,6.635442,-0.178808,-0.028414,0.347607,0.000829,0.007461,0.007698,186,89,553,187,84,576
-0.341952,26.745095,31,-76.988486,25.056353,31.881332,103.56415,-2.236009,-0.000537,-12.201972,-0.168356,0.044189,0.336002,0.000021,0.000016,0.000021,138,127,675,138,125,556
3.641211,12.060515,31,-76.988486,25.056353,31.881332,103.56415,-2.236009,-0.000537,-12.201972,-0.168356,0.044189,0.336002,0.000021,0.000016,0.000021,196,146,711,196,140,576
-19.267774,29.217316,31,-76.988486,25.056353,31.881332,103.56415,-2.236009,-0.000537,-12.201972,-0.168356,0.044189,0.336002,0.000021,0.000016,0.000021,126,46,775,126,63,607
-2.629462,9.780122,31,-76.988486,25.056353,31.881332,103.56415,-2.236009,-0.000537,-12.201972,-0.168356,0.044189,0.336002,0.000021,0.000016,0.000021,207,115,701,206,115,583
6.848204,27.5774,24,-84.555045,24.699743,40.225992,85.961375,-1.055159,0,-6.058715,-0.216698,0.031363,0.341502,0,0.000001,0.000002,86,147,350,88,144,360
2.425859,9.082999,24,-84.555045,24.699743,40.225992,85.961375,-1.055159,0,-6.058715,-0.216698,0.031363,0.341502,0,0.000001,0.000002,164,129,306,164,128,325
-6.465157,16.802008,24,-84.555045,24.699743,40.225992,85.961375,-1.055159,0,-6.058715,-0.216698,0.031363,0.341502,0,0.000001,0.000002,136,93,306,137,95,328
-5.010341,-6.325448,24,-84.555045,24.699743,40.225992,85.961375,-1.055159,0,-6.058715,-0.216698,0.031363,0.341502,0,0.000001,0.000002,235,94,351,235,95,373
-5.171354,23.142278,24,-92.482081,23.895956,59.034621,81.521912,-0.173775,0,-2.320286,-0.220861,-0.014352,0.326009,0.000001,0.000025,0.000019,27,119,455,27,121,443
-2.232862,-26.955186,24,-92.482081,23.895956,59.034621,81.521912,-0.173775,0,-2.320286,-0.220861,-0.014352,0.326009,0.000001,0.000025,0.000019,258,133,397,259,133,395
-14.216954,25.554644,24,-92.482081,23.895956,59.034621,81.521912,-0.173775,0,-2.320286,-0.220861,-0.014352,0.326009,0.000001,0.000025,0.000019,12,76,502,13,78,489
-17.093137,-9.426031,24,-92.482081,23.895956,59.034621,81.521912,-0.173775,0,-2.320286,-0.220861,-0.014352,0.326009,0.000001,0.000025,0.000019,174,68,343,176,66,325
-2.583602,-22.047392,34,-91.440162,23.909318,58.721952,96.818097,-1.202619,0,-5.835399,-0.167181,-0.025227,0.323745,0.000001,0.000004,0.000002,198,146,711,199,150,774
-10.275425,1.71343,34,-91.440162,23.909318,58.721952,96.818097,-1.202619,0,-5.835399,-0.167181,-0.025227,0.323745,0.000001,0.000004,0.000002,99,116,730,100,116,788
-15.988808,-24.676377,34,-91.440162,23.909318,58.721952,96.818097,-1.202619,0,-5.835399,-0.167181,-0.025227,0.323745,0.000001,0.000004,0.000002,211,95,732,212,89,781
-9.133672,27.598635,34,-85.259679,24.162264,52.803007,99.299495,-1.601301,0,-7.73899,-0.170172,-0.013979,0.318731,0.000001,0.000004,0.000002,4,130,268,4,137,334
-7.875587,-19.733111,34,-85.259679,24.162264,52.803007,99.299495,-1.601301,0,-7.73899,-0.170172,-0.013979,0.318731,0.000001,0.000004,0.000002,214,135,742,215,136,774
-16.607942,17.25414,34,-85.259679,24.162264,52.803007,99.299495,-1.601301,0,-7.73899,-0.170172,-0.013979,0.318731,0.000001,0.000004,0.000002,49,97,898,50,99,930
-11.326783,-22.830451,34,-85.259679,24.162264,52.803007,99.299495,-1.601301,0,-7.73899,-0.170172,-0.013979,0.318731,0.000001,0.000004,0.000002,229,121,775,230,120,821
9.977154,12.474684,34,-95,23.873112,59.56917,96.798336,-60.496953,-20.611388,1.672935,-0.169187,-0.020502,0.357452,0.000396,0.00796,0.009116,57,122,827,58,122,887
9.954106,-10.507793,34,-95,23.873112,59.56917,96.798336,-60.496953,-20.611388,1.672935,-0.169187,-0.020502,0.357452,0.000396,0.00796,0.009116,157,122,664,158,123,705
9.244528,-5.881462,34,-95,23.873112,59.56917,96.798336,-60.496953,-20.611388,1.672935,-0.169187,-0.020502,0.357452,0.000396,0.00796,0.009116,145,120,663,146,120,716
-12.440181,-22.761644,34,-95,23.873112,59.56917,96.798336,-60.496953,-20.611388,1.672935,-0.169187,-0.020502,0.357452,0.000396,0.00796,0.009116,210,34,828,218,20,924
-13.651239,12.050012,34,-83.481666,24.248781,50.778521,100.031706,-0.776535,0,-8.710317,-0.170857,-0.009662,0.317826,0.000001,0.000002,0,86,110,768,87,111,804
-10.496413,-5.82498,34,-83.481666,24.248781,50.778521,100.031706,-0.776535,0,-8.710317,-0.170857,-0.009662,0.317826,0.000001,0.000002,0,160,124,700,161,124,718
-19.903919,3.869941,34,-83.481666,24.248781,50.778521,100.031706,-0.776535,0,-8.710317,-0.170857,-0.009662,0.317826,0.000001,0.000002,0,124,89,729,126,88,745
-19.32146,-12.921683,34,-83.481666,24.248781,50.778521,100.031706,-0.776535,0,-8.710317,-0.170857,-0.009662,0.317826,0.000001,0.000002,0,192,89,730,193,86,755
8.862157,25.586984,34,-88.261242,24.656013,41.249273,96.313305,-1.683832,0,-8.583462,-0.168013,0.024445,0.354596,0.000003,0.000007,0.000006,100,124,776,101,122,715
0.512187,24.634301,34,-88.261242,24.656013,41.249273,96.313305,-1.683832,0,-8.583462,-0.168013,0.024445,0.354596,0.000003,0.000007,0.000006,104,86,778,106,90,713
-0.300215,3.946797,34,-88.261242,24.656013,41.249273,96.313305,-1.683832,0,-8.583462,-0.168013,0.024445,0.354596,0.000003,0.000007,0.000006,190,82,746,192,87,691
7.381472,13.68727,34,-87.213593,24.656358,41.241209,97.015506,-1.232375,0,-8.55053,-0.168897,0.023271,0.351293,0.000003,0.000007,0.000006,152,123,705,152,122,653
7.233308,-7.662051,34,-87.213593,24.656358,41.241209,97.015506,-1.232375,0,-8.55053,-0.168897,0.023271,0.351293,0.000003,0.000007,0.000006,242,125,788,243,125,765
6.442313,17.941289,34,-87.213593,24.656358,41.241209,97.015506,-1.232375,0,-8.55053,-0.168897,0.023271,0.351293,0.000003,0.000007,0.000006,133,122,714,133,121,665
-0.050559,10.045151,34,-87.213593,24.656358,41.241209,97.015506,-1.232375,0,-8.55053,-0.168897,0.023271,0.351293,0.000003,0.000007,0.000006,159,96,698,161,99,654
0.000822,-22.749448,34,-95,23.755994,62.309721,96.718625,2.12122,-13.824723,5.423175,-0.169886,-0.022085,0.33962,0.00004,0.000093,0.000129,210,121,656,211,122,687
-0.402328,19.932399,34,-95,23.755994,62.309721,96.718625,2.12122,-13.824723,5.423175,-0.169886,-0.022085,0.33962,0.00004,0.000093,0.000129,15,119,794,14,120,893
-18.388733,-17.290224,34,-95,23.755994,62.309721,96.718625,2.12122,-13.824723,5.423175,-0.169886,-0.022085,0.33962,0.00004,0.000093,0.000129,181,48,712,187,38,774
3.343405,12.729475,30,-91.605682,24.025074,56.013264,90.789003,-0.725171,0,-4.758947,-0.187821,-0.014826,0.332594,0.000001,0.000006,0.000004,74,149,597,75,150,565
2.129233,-9.802023,30,-91.605682,24.025074,56.013264,90.789003,-0.725171,0,-4.758947,-0.187821,-0.014826,0.332594,0.000001,0.000006,0.000004,169,144,509,171,145,523
-11.01184,-1.290214,30,-91.605682,24.025074,56.013264,90.789003,-0.725171,0,-4.758947,-0.187821,-0.014826,0.332594,0.000001,0.000006,0.000004,138,92,514,140,91,511
-3.649482,-24.836029,30,-91.605682,24.025074,56.013264,90.789003,-0.725171,0,-4.758947,-0.187821,-0.014826,0.332594,0.000001,0.000006,0.000004,241,119,565,241,118,569
6.887029,27.312716,30,-78.737279,25.10723,30.690796,102.255539,-2.328519,0,-12.117579,-0.167778,0.050009,0.343054,0.000008,0.000008,0.000006,146,139,706,145,134,540
-2.992376,24.899882,30,-78.737279,25.10723,30.690796,102.255539,-2.328519,0,-12.117579,-0.167778,0.050009,0.343054,0.000008,0.000008,0.000006,158,100,686,158,104,524
-16.732173,16.677848,30,-78.737279,25.10723,30.690796,102.255539,-2.328519,0,-12.117579,-0.167778,0.050009,0.343054,0.000008,0.000008,0.000006,191,39,823,193,56,592
-15.750862,22.728836,30,-72.978471,24.863976,36.382957,103.013257,-1.712602,0,-11.815484,-0.181577,0.026778,0.315547,0.000002,0.000003,0.000001,112,101,604,113,104,576
-10.212257,-10.235685,30,-72.978471,24.863976,36.382957,103.013257,-1.712602,0,-11.815484,-0.181577,0.026778,0.315547,0.000002,0.000003,0.000001,257,127,685,258,126,664
-18.77561,26.475542,30,-72.978471,24.863976,36.382957,103.013257,-1.712602,0,-11.815484,-0.181577,0.026778,0.315547,0.000002,0.000003,0.000001,95,88,630,95,95,605
-18.379121,-11.02995,30,-72.978471,24.863976,36.382957,103.013257,-1.712602,0,-11.815484,-0.181577,0.026778,0.315547,0.000002,0.000003,0.000001,261,89,712,263,91,679
-7.937215,16.895871,30,-87.761413,23.966151,57.392048,94.710133,-1.277801,-0.000001,-5.928391,-0.182931,-0.023281,0.315259,0,0.000004,0.000002,33,135,748,34,139,762
4.943679,-22.133944,30,-87.761413,23.966151,57.392048,94.710133,-1.277801,-0.000001,-5.928391,-0.182931,-0.023281,0.315259,0,0.000004,0.000002,206,188,626,211,197,669
-19.324009,15.278348,30,-87.761413,23.966151,57.392048,94.710133,-1.277801,-0.000001,-5.928391,-0.182931,-0.023281,0.315259,0,0.000004,0.000002,41,88,729,42,88,738
-19.693619,-28.854282,30,-87.761413,23.966151,57.392048,94.710133,-1.277801,-0.000001,-5.928391,-0.182931,-0.023281,0.315259,0,0.000004,0.000002,243,91,638,243,83,670
-4.297299,6.551924,30,-88.261484,24.126528,53.639231,92.711311,-1.063099,0,-5.763638,-0.18795,-0.011697,0.326965,0.000001,0.000005,0.000003,111,127,536,112,127,545
-0.771704,-18.923108,30,-88.261484,24.126528,53.639231,92.711311,-1.063099,0,-5.763638,-0.18795,-0.011697,0.326965,0.000001,0.000005,0.000003,218,142,556,219,143,547
-11.875419,27.554306,30,-88.261484,24.126528,53.639231,92.711311,-1.063099,0,-5.763638,-0.18795,-0.011697,0.326965,0.000001,0.000005,0.000003,8,92,432,8,96,451
-10.38997,-10.876182,30,-88.261484,24.126528,53.639231,92.711311,-1.063099,0,-5.763638,-0.18795,-0.011697,0.326965,0.000001,0.000005,0.000003,181,101,516,182,100,533
3.813819,25.028575,30,-80.321888,24.826641,37.256701,98.006594,-1.852812,-0.000004,-9.844543,-0.182325,0.030731,0.337007,0.000004,0.000006,0.000005,110,142,528,111,139,523
2.463258,2.077147,30,-80.321888,24.826641,37.256701,98.006594,-1.852812,-0.000004,-9.844543,-0.182325,0.030731,0.337007,0.000004,0.000006,0.000005,206,139,552,207,136,523
-17.336335,27.095138,30,-80.321888,24.826641,37.256701,98.006594,-1.852812,-0.000004,-9.844543,-0.182325,0.030731,0.337007,0.000004,0.000006,0.000005,100,49,604,102,61,574
-10.371358,4.199652,30,-80.321888,24.826641,37.256701,98.006594,-1.852812,-0.000004,-9.844543,-0.182325,0.030731,0.337007,0.000004,0.000006,0.000005,197,78,543,198,83,533
-9.901993,20.204256,30,-77.672602,24.55632,43.582095,99.065978,-1.166821,0,-9.602706,-0.186635,0.008241,0.315341,0.000001,0.000002,0,86,126,597,87,127,607
-7.622724,0.260201,30,-77.672602,24.55632,43.582095,99.065978,-1.166821,0,-9.602706,-0.186635,0.008241,0.315341,0.000001,0.000002,0,169,136,543,170,135,542
-19.834258,5.467107,30,-77.672602,24.55632,43.582095,99.065978,-1.166821,0,-9.602706,-0.186635,0.008241,0.315341,0.000001,0.000002,0,151,87,556,152,88,543
-15.69129,-16.050739,30,-77.672602,24.55632,43.582095,99.065978,-1.166821,0,-9.602706,-0.186635,0.008241,0.315341,0.000001,0.000002,0,246,101,636,246,100,634
0.488613,14.19204,30,-81.905238,24.744643,39.175343,96.413861,-1.376163,0,-9.494395,-0.184441,0.026219,0.338279,0.000001,0.000003,0.000004,150,123,484,151,123,511
3.595741,-10.897919,30,-81.905238,24.744643,39.175343,96.413861,-1.376163,0,-9.494395,-0.184441,0.026219,0.338279,0.000001,0.000003,0.000004,259,141,609,260,138,620
-4.101003,21.976176,30,-81.905238,24.744643,39.175343,96.413861,-1.376163,0,-9.494395,-0.184441,0.026219,0.338279,0.000001,0.000003,0.000004,115,106,506,115,108,517
-14.913586,-15.513304,30,-81.905238,24.744643,39.175343,96.413861,-1.376163,0,-9.494395,-0.184441,0.026219,0.338279,0.000001,0.000003,0.000004,284,52,734,288,57,757
7.6324,13.268762,30,-80.491501,24.409549,47.016549,97.276913,-1.280791,-0.096938,-8.424555,-0.187445,0.00036,0.316852,0,0.000002,0.000002,98,199,652,105,199,647
-7.183795,-27.083738,30,-80.491501,24.409549,47.016549,97.276913,-1.280791,-0.096938,-8.424555,-0.187445,0.00036,0.316852,0,0.000002,0.000002,285,141,744,287,138,747
-16.6906,6.595992,30,-80.491501,24.409549,47.016549,97.276913,-1.280791,-0.096938,-8.424555,-0.187445,0.00036,0.316852,0,0.000002,0.000002,134,95,544,135,95,540
-18.086472,-1.640686,30,-80.491501,24.409549,47.016549,97.276913,-1.280791,-0.096938,-8.424555,-0.187445,0.00036,0.316852,0,0.000002,0.000002,162,88,549,163,88,551
9.339354,10.495654,30,-93.286106,23.972419,57.245389,89.770395,-1.031714,0,-4.41688,-0.187622,-0.016308,0.335359,0,0.000002,0,80,168,600,84,171,579
5.680418,-23.556576,30,-93.286106,23.972419,57.245389,89.770395,-1.031714,0,-4.41688,-0.187622,-0.016308,0.335359,0,0.000002,0,231,154,560,232,157,575
-7.918658,3.961314,30,-93.286106,23.972419,57.245389,89.770395,-1.031714,0,-4.41688,-0.187622,-0.016308,0.335359,0,0.000002,0,113,98,518,114,96,512
-16.389618,-12.917773,30,-93.286106,23.972419,57.245389,89.770395,-1.031714,0,-4.41688,-0.187622,-0.016308,0.335359,0,0.000002,0,180,62,532,183,58,523
4.562283,27.40167,30,-79.116606,24.964463,34.031544,99.99162,-2.058541,0,-10.893934,-0.176837,0.039816,0.339024,0.000002,0.000002,0.000001,121,141,570,120,137,528
9.385838,12.903201,30,-79.116606,24.964463,34.031544,99.99162,-2.058541,0,-10.893934,-0.176837,0.039816,0.339024,0.000002,0.000002,0.000001,178,164,600,179,156,535
-15.772559,27.395025,30,-79.116606,24.964463,34.031544,99.99162,-2.058541,0,-10.893934,-0.176837,0.039816,0.339024,0.000002,0.000002,0.000001,119,54,629,120,66,559
-11.740935,-6.563213,30,-79.116606,24.964463,34.031544,99.99162,-2.058541,0,-10.893934,-0.176837,0.039816,0.339024,0.000002,0.000002,0.000001,272,64,767,274,73,689
-16.822905,29.846787,30,-72.675379,24.884114,35.91171,103.578015,-1.499742,0,-11.113564,-0.181139,0.027797,0.31564,0.000029,0.000073,0.000014,81,96,654,80,103,630
-19.731951,21.634601,30,-72.675379,24.884114,35.91171,103.578015,-1.499742,0,-11.113564,-0.181139,0.027797,0.31564,0.000029,0.000073,0.000014,119,84,598,120,89,575
-18.877199,-17.584505,30,-72.675379,24.884114,35.91171,103.578015,-1.499742,0,-11.113564,-0.181139,0.027797,0.31564,0.000029,0.000073,0.000014,301,87,840,302,87,822
1.656724,15.540279,31,-86.564501,24.262755,50.451515,94.397173,-0.826494,-0.000001,-6.737214,-0.18471,-0.004604,0.329116,0.000002,0.000004,0.000002,81,149,631,83,150,631
4.069016,-25.968714,31,-86.564501,24.262755,50.451515,94.397173,-0.826494,-0.000001,-6.737214,-0.18471,-0.004604,0.329116,0.000002,0.000004,0.000002,268,162,718,270,164,730
-16.746252,12.561139,31,-86.564501,24.262755,50.451515,94.397173,-0.826494,-0.000001,-6.737214,-0.18471,-0.004604,0.329116,0.000002,0.000004,0.000002,95,71,621,97,71,617
-14.131109,-6.902504,31,-86.564501,24.262755,50.451515,94.397173,-0.826494,-0.000001,-6.737214,-0.18471,-0.004604,0.329116,0.000002,0.000004,0.000002,176,81,557,178,80,564
9.878424,-0.242195,31,-95,23.658039,64.601882,98.339217,20.747609,-13.941309,6.681345,-0.166492,-0.045626,0.352311,0.000454,0.018538,0.017766,61,131,710,61,134,895
9.662163,-29.039746,31,-95,23.658039,64.601882,98.339217,20.747609,-13.941309,6.681345,-0.166492,-0.045626,0.352311,0.000454,0.018538,0.017766,187,129,584,186,133,736
-8.220899,-28.252103,31,-95,23.658039,64.601882,98.339217,20.747609,-13.941309,6.681345,-0.166492,-0.045626,0.352311,0.000454,0.018538,0.017766,181,66,611,182,50,815
-7.514714,22.439163,31,-71.175915,25.077912,31.378061,105.99989,-2.260627,-0.000025,-17.956135,-0.168511,0.04136,0.318325,0.000163,0.00011,0.000049,147,135,697,147,132,592
6.775926,18.378635,31,-71.175915,25.077912,31.378061,105.99989,-2.260627,-0.000025,-17.956135,-0.168511,0.04136,0.318325,0.000163,0.00011,0.000049,164,202,804,168,186,654
-16.259275,27.978507,31,-71.175915,25.077912,31.378061,105.99989,-2.260627,-0.000025,-17.956135,-0.168511,0.04136,0.318325,0.000163,0.00011,0.000049,123,104,725,122,108,614
-19.02787,8.528158,31,-71.175915,25.077912,31.378061,105.99989,-2.260627,-0.000025,-17.956135,-0.168511,0.04136,0.318325,0.000163,0.00011,0.000049,205,88,758,205,92,625
-3.670725,27.053078,31,-75.465629,24.850291,36.703175,102.346389,-1.909644,0,-11.624649,-0.178004,0.027594,0.322861,0.000002,0.000003,0.000002,95,141,657,97,139,620
-2.958044,5.038236,31,-75.465629,24.850291,36.703175,102.346389,-1.909644,0,-11.624649,-0.178004,0.027594,0.322861,0.000002,0.000003,0.000002,187,145,611,189,142,585
-8.117633,20.999562,31,-75.465629,24.850291,36.703175,102.346389,-1.909644,0,-11.624649,-0.178004,0.027594,0.322861,0.000002,0.000003,0.000002,124,124,597,125,123,587
-16.664082,-15.037444,31,-75.465629,24.850291,36.703175,102.346389,-1.909644,0,-11.624649,-0.178004,0.027594,0.322861,0.000002,0.000003,0.000002,287,83,833,289,85,823
-1.629086,-5.496267,31,-94.247077,23.665152,64.43543,94.549695,-1.068474,-0.040129,-4.528438,-0.17182,-0.036756,0.317621,0.000001,0.000004,0.000001,110,156,641,111,163,739
1.859218,-26.067498,31,-94.247077,23.665152,64.43543,94.549695,-1.068474,-0.040129,-4.528438,-0.17182,-0.036756,0.317621,0.000001,0.000004,0.000001,193,171,637,196,182,729
-18.166423,-19.870241,31,-94.247077,23.665152,64.43543,94.549695,-1.068474,-0.040129,-4.528438,-0.17182,-0.036756,0.317621,0.000001,0.000004,0.000001,168,95,587,168,91,687
2.468983,11.992295,31,-86.719382,24.034806,55.785526,96.117735,-0.878419,0,-6.581618,-0.179634,-0.020275,0.31596,0.000001,0.000007,0.000004,62,179,746,67,185,785
-0.144274,-17.78328,31,-86.719382,24.034806,55.785526,96.117735,-0.878419,0,-6.581618,-0.179634,-0.020275,0.31596,0.000001,0.000007,0.000004,193,168,625,196,173,661
-16.8616,6.103599,31,-86.719382,24.034806,55.785526,96.117735,-0.878419,0,-6.581618,-0.179634,-0.020275,0.31596,0.000001,0.000007,0.000004,94,101,633,95,100,655
-17.78796,-14.697833,31,-86.719382,24.034806,55.785526,96.117735,-0.878419,0,-6.581618,-0.179634,-0.020275,0.31596,0.000001,0.000007,0.000004,180,95,582,181,93,622
-5.134797,19.766282,31,-72.79252,24.895925,35.635344,104.552597,-1.594167,0,-12.148255,-0.176374,0.028614,0.316653,0.000006,0.00001,0.000006,130,146,642,131,142,595
-0.970797,0.268047,31,-72.79252,24.895925,35.635344,104.552597,-1.594167,0,-12.148255,-0.176374,0.028614,0.316653,0.000006,0.00001,0.000006,211,169,660,214,163,640
-19.257178,22.771453,31,-72.79252,24.895925,35.635344,104.552597,-1.594167,0,-12.148255,-0.176374,0.028614,0.316653,0.000006,0.00001,0.000006,118,90,646,118,94,602
-19.318875,-9.845968,31,-72.79252,24.895925,35.635344,104.552597,-1.594167,0,-12.148255,-0.176374,0.028614,0.316653,0.000006,0.00001,0.000006,262,85,773,263,87,733
8.957164,9.374657,31,-95,23.973787,57.213377,91.554584,1.210642,-13.82061,5.028074,-0.184619,-0.004422,0.353576,0,0.000002,0.000001,111,130,563,112,130,583
9.190279,-22.691996,31,-95,23.973787,57.213377,91.554584,1.210642,-13.82061,5.028074,-0.184619,-0.004422,0.353576,0,0.000002,0.000001,252,131,656,252,133,662
-2.028342,1.835615,31,-95,23.973787,57.213377,91.554584,1.210642,-13.82061,5.028074,-0.184619,-0.004422,0.353576,0,0.000002,0.000001,145,85,549,147,85,563
-13.633188,-5.383165,31,-95,23.973787,57.213377,91.554584,1.210642,-13.82061,5.028074,-0.184619,-0.004422,0.353576,0,0.000002,0.000001,168,35,635,176,33,643
8.243578,17.044361,31,-95,23.941128,57.977585,92.161195,7.779402,-15.192648,6.598997,-0.184287,-0.006508,0.354993,0.000252,0.001445,0.001797,70,125,656,71,124,653
9.945878,-8.2985,31,-95,23.941128,57.977585,92.161195,7.779402,-15.192648,6.598997,-0.184287,-0.006508,0.354993,0.000252,0.001445,0.001797,179,132,565,180,132,555
-15.662451,12.334921,31,-95,23.941128,57.977585,92.161195,7.779402,-15.192648,6.598997,-0.184287,-0.006508,0.354993,0.000252,0.001445,0.001797,86,19,740,96,18,739
-15.434583,-16.426851,31,-95,23.941128,57.977585,92.161195,7.779402,-15.192648,6.598997,-0.184287,-0.006508,0.354993,0.000252,0.001445,0.001797,212,18,714,222,13,764
-9.192557,12.231814,31,-89.772182,23.879568,59.418107,95.348784,-1.01993,0,-5.603567,-0.176856,-0.027567,0.31655,0.000001,0.000002,0.000001,46,130,756,47,132,792
1.412177,-14.616258,31,-89.772182,23.879568,59.418107,95.348784,-1.01993,0,-5.603567,-0.176856,-0.027567,0.31655,0.000001,0.000002,0.000001,162,171,614,166,178,661
-18.290284,-21.966625,31,-89.772182,23.879568,59.418107,95.348784,-1.01993,0,-5.603567,-0.176856,-0.027567,0.31655,0.000001,0.000002,0.000001,198,95,611,199,90,622
2.20488,-19.045203,31,-91.110712,23.821574,60.775146,95.09172,-0.951595,0,-4.831246,-0.175801,-0.030054,0.317406,0.000001,0.000004,0.000002,176,175,622,180,183,670
-18.056861,-0.216895,31,-91.110712,23.821574,60.775146,95.09172,-0.951595,0,-4.831246,-0.175801,-0.030054,0.317406,0.000001,0.000004,0.000002,101,97,632,102,94,683
-13.215547,-22.194471,31,-91.110712,23.821574,60.775146,95.09172,-0.951595,0,-4.831246,-0.175801,-0.030054,0.317406,0.000001,0.000004,0.000002,194,113,604,194,111,622
7.403479,17.010919,31,-75.063466,24.725836,39.61543,102.213089,-1.533708,0,-11.033625,-0.180302,0.018023,0.315818,0.000001,0.000001,0.000001,117,205,711,124,197,680
-8.634415,4.012565,31,-75.063466,24.725836,39.61543,102.213089,-1.533708,0,-11.033625,-0.180302,0.018023,0.315818,0.000001,0.000001,0.000001,172,139,588,173,137,583
-19.16043,17.782519,31,-75.063466,24.725836,39.61543,102.213089,-1.533708,0,-11.033625,-0.180302,0.018023,0.315818,0.000001,0.000001,0.000001,118,90,628,119,93,600
-18.433194,-16.62898,31,-75.063466,24.725836,39.61543,102.213089,-1.533708,0,-11.033625,-0.180302,0.018023,0.315818,0.000001,0.000001,0.000001,272,90,789,273,90,771
9.111722,4.217326,31,-95,23.965283,57.412376,91.915709,2.919658,-15.713194,6.50869,-0.184575,-0.00324,0.354607,0.000003,0.000018,0.000023,138,128,562,138,128,559
7.662054,-21.135717,31,-95,23.965283,57.412376,91.915709,2.919658,-15.713194,6.50869,-0.184575,-0.00324,0.354607,0.000003,0.000018,0.000023,246,122,639,247,124,636
7.159927,8.90613,31,-95,23.965283,57.412376,91.915709,2.919658,-15.713194,6.50869,-0.184575,-0.00324,0.354607,0.000003,0.000018,0.000023,116,121,556,117,121,574
-15.815447,-19.44062,31,-95,23.965283,57.412376,91.915709,2.919658,-15.713194,6.50869,-0.184575,-0.00324,0.354607,0.000003,0.000018,0.000023,235,19,750,244,15,784
7.239405,18.594502,31,-93.251583,24.111749,53.985063,90.018615,-1.323711,0,-4.659742,-0.184988,-0.007387,0.343655,0.000002,0.000021,0.000013,60,144,640,61,144,648
5.513535,-22.696122,31,-93.251583,24.111749,53.985063,90.018615,-1.323711,0,-4.659742,-0.184988,-0.007387,0.343655,0.000002,0.000021,0.000013,245,136,606,246,138,629
-13.911483,17.843817,31,-93.251583,24.111749,53.985063,90.018615,-1.323711,0,-4.659742,-0.184988,-0.007387,0.343655,0.000002,0.000021,0.000013,61,49,701,66,49,691
-7.650737,-29.79037,31,-93.251583,24.111749,53.985063,90.018615,-1.323711,0,-4.659742,-0.184988,-0.007387,0.343655,0.000002,0.000021,0.000013,282,78,730,284,73,743
0.703719,29.386455,31,-73.766512,24.821542,37.375914,103.428018,-1.358507,-0.000952,-11.838863,-0.178361,0.023936,0.31623,0.000001,0.000002,0.000001,75,175,727,78,169,690
-15.35325,8.802593,31,-73.766512,24.821542,37.375914,103.428018,-1.358507,-0.000952,-11.838863,-0.178361,0.023936,0.31623,0.000001,0.000002,0.000001,162,107,599,163,108,583
-18.258539,16.652422,31,-73.766512,24.821542,37.375914,103.428018,-1.358507,-0.000952,-11.838863,-0.178361,0.023936,0.31623,0.000001,0.000002,0.000001,136,93,611,136,96,597
-19.273021,-22.759697,31,-73.766512,24.821542,37.375914,103.428018,-1.358507,-0.000952,-11.838863,-0.178361,0.023936,0.31623,0.000001,0.000002,0.000001,313,88,362,313,84,332
4.40491,-5.40589,34,-92.652984,24.007813,56.417155,94.515225,-1.464377,0,-5.484847,-0.171373,-0.017237,0.334595,0.000001,0.000006,0.000003,147,146,646,148,149,680
9.115943,-18.146358,34,-92.652984,24.007813,56.417155,94.515225,-1.464377,0,-5.484847,-0.171373,-0.017237,0.334595,0.000001,0.000006,0.000003,198,168,691,201,173,725
-15.646677,13.008418,34,-92.652984,24.007813,56.417155,94.515225,-1.464377,0,-5.484847,-0.171373,-0.017237,0.334595,0.000001,0.000006,0.000003,61,67,810,64,64,836
-8.93952,-23.251623,34,-92.652984,24.007813,56.417155,94.515225,-1.464377,0,-5.484847,-0.171373,-0.017237,0.334595,0.000001,0.000006,0.000003,223,96,702,224,92,740
-12.601213,15.253396,34,-79.55958,24.47239,45.546061,102.057704,-1.79098,0,-9.701936,-0.171552,0.002757,0.317678,0.000004,0.000007,0.000005,99,115,782,100,116,750
-8.189983,-14.839365,34,-79.55958,24.47239,45.546061,102.057704,-1.79098,0,-9.701936,-0.171552,0.002757,0.317678,0.000004,0.000007,0.000005,228,136,791,229,135,791
-19.301105,14.1434,34,-79.55958,24.47239,45.546061,102.057704,-1.79098,0,-9.701936,-0.171552,0.002757,0.317678,0.000004,0.000007,0.000005,104,88,781,105,90,754
-18.305041,-10.048608,34,-79.55958,24.47239,45.546061,102.057704,-1.79098,0,-9.701936,-0.171552,0.002757,0.317678,0.000004,0.000007,0.000005,206,91,749,207,91,744
-18.305041,-10.048608,34,-79.55958,24.47239,45.546061,102.057704,-1.79098,0,-9.701936,-0.171552,0.002757,0.317678,0.000004,0.000007,0.000005,0,0,749,0,0,744
-12.601213,15.253396,34,-79.55958,24.47239,45.546061,102.057704,-1.79098,0,-9.701936,-0.171552,0.002757,0.317678,0.000004,0.000007,0.000005,320,240,782,320,240,750
