,h1,h2,h3,a1,a2,a3,f1,f2,f3,x1,x2,x3
0,-0.219746,0.024519,0.31594,-0.191745,0.017478999999999998,0.30501,-0.19966,0.0122,0.33937399999999995,-0.19966,0.012204000000000001,0.33937
1,-0.17388299999999998,0.071311,0.289485,-0.148607,0.032876,0.31699099999999997,-0.15983499999999998,0.05575700000000001,0.320847,-0.161929,0.05499299999999999,0.322892
2,-0.193975,0.107243,0.322206,-0.196462,0.094312,0.298158,-0.20228800000000002,0.0914,0.340785,-0.2023,0.091404,0.34077199999999996
3,-0.167209,0.070954,0.306944,-0.14810299999999998,0.034522000000000004,0.317308,-0.157828,0.049768,0.327151,-0.15783,0.049768,0.327152
4,-0.208213,0.10536199999999998,0.261445,-0.22611199999999998,0.10429300000000001,0.20271199999999998,-0.228014,0.100122,0.256813,-0.228017,0.100124,0.256812
5,-0.215969,0.09374299999999999,0.239157,-0.229501,0.0945,0.18193,-0.24018499999999998,0.074287,0.22155300000000003,-0.24035900000000002,0.07434400000000001,0.22152
6,-0.22172399999999998,0.078908,0.225944,-0.23045700000000002,0.086284,0.16761900000000002,-0.243725,0.055113,0.196155,-0.24372800000000003,0.055113999999999996,0.196154
7,-0.14182,0.04732,0.360902,-0.137473,0.013722999999999999,0.323803,-0.126248,0.029535000000000002,0.368352,-0.126252,0.029539999999999997,0.368349
8,-0.158629,-0.007418999999999999,0.35144,-0.14221,-0.01618,0.30289,-0.148694,-0.008211,0.349625,-0.148694,-0.008209000000000001,0.349624
9,-0.22406700000000002,0.07203999999999999,0.226062,-0.23044699999999999,0.081064,0.164821,-0.243813,0.05379,0.19444,-0.24381399999999998,0.053791,0.19444
10,-0.198445,-0.0016350000000000002,0.264451,-0.156948,-0.018289,0.274766,-0.189192,-0.008222,0.27436,-0.189193,-0.008219,0.27436
11,-0.173174,0.128199,0.31998,-0.209029,0.140397,0.246229,-0.188346,0.14008199999999998,0.31033299999999997,-0.18834800000000002,0.14008299999999999,0.310332
12,-0.19715,-0.009276000000000001,0.272902,-0.154669,-0.02363,0.278663,-0.18670699999999998,-0.015731000000000002,0.281159,-0.18670899999999999,-0.015725,0.281156
13,-0.125077,0.137345,0.354061,-0.18323699999999998,0.174757,0.276739,-0.134939,0.170263,0.344591,-0.134941,0.170263,0.344593
14,-0.17768,-0.040161,0.312686,-0.156637,-0.034622,0.281848,-0.168705,-0.042031,0.313085,-0.168705,-0.042026,0.313082
15,-0.118485,0.133614,0.382322,-0.159092,0.139444,0.334586,-0.132918,0.13633199999999998,0.384088,-0.13361099999999998,0.136594,0.383626
16,-0.14970899999999998,-0.0285,0.336056,-0.158756,-0.038696,0.284409,-0.14004,-0.06704299999999999,0.340887,-0.1434,-0.039574,0.318945
17,-0.19784000000000002,-0.002277,0.263461,-0.157359,-0.01661,0.273855,-0.191151,-0.004928,0.26697600000000005,-0.191155,-0.004921,0.266972
18,-0.12160399999999999,0.137845,0.35589,-0.183626,0.175257,0.27535,-0.12981900000000002,0.172078,0.347289,-0.129913,0.172127,0.347425
19,-0.143044,-0.009755,0.348116,-0.148108,-0.030398,0.294568,-0.130475,-0.045248000000000003,0.36043600000000003,-0.135661,-0.02196,0.33726
20,-0.153977,-0.024556,0.334216,-0.153738,-0.036539999999999996,0.285064,-0.153002,-0.047668,0.334863,-0.153692,-0.035748,0.32471500000000003
21,-0.196542,0.098023,0.32948,-0.194555,0.077723,0.308213,-0.201627,0.081387,0.349124,-0.201628,0.081389,0.349122
22,-0.145945,-0.06105599999999999,0.336719,-0.158602,-0.035919,0.279791,-0.167992,-0.047824,0.311395,-0.167964,-0.046906,0.310731
23,-0.186095,-0.049467000000000004,0.28007,-0.16206099999999998,-0.037416000000000005,0.268461,-0.18406199999999998,-0.047837,0.27009,-0.18406199999999998,-0.047836000000000004,0.27008899999999997
24,-0.16153199999999998,-0.069217,0.307065,-0.17010699999999998,-0.042886,0.267364,-0.174894,-0.068786,0.277158,-0.17469400000000002,-0.066206,0.276312
25,-0.133871,-0.069021,0.339259,-0.16680699999999998,-0.04322,0.274796,-0.154505,-0.073127,0.317312,-0.155444,-0.05198,0.303282
26,-0.159466,-0.042457,0.318221,-0.164778,-0.042595,0.27658299999999997,-0.158419,-0.065577,0.31672100000000003,-0.158799,-0.050162,0.30615
27,-0.135483,0.134034,0.36259,-0.18874200000000002,0.151835,0.28541,-0.157912,0.14840899999999999,0.34726999999999997,-0.157932,0.14841400000000002,0.34726
28,-0.131881,0.065845,0.410077,-0.158497,0.10838699999999998,0.351195,-0.130302,0.102476,0.40966800000000003,-0.131613,0.10391800000000001,0.400338
29,-0.16072899999999998,0.015413999999999999,0.351614,-0.14041099999999998,-0.010015999999999999,0.309289,-0.143073,0.002725,0.355941,-0.143075,0.002731,0.355937
30,-0.12831099999999998,-0.002817,0.364124,-0.13881500000000002,-0.017903,0.307128,-0.11731400000000002,-0.022326,0.37655,-0.12595399999999998,-0.0023309999999999997,0.35229499999999997
31,-0.123215,0.077988,0.401969,-0.15703499999999998,0.093752,0.356698,-0.12390899999999999,0.090648,0.419757,-0.127461,0.09490900000000001,0.398121
32,-0.12047999999999999,0.08105,0.402386,-0.157068,0.09410700000000001,0.35673299999999997,-0.12331800000000001,0.089658,0.42056800000000005,-0.12708699999999998,0.094197,0.397917
33,-0.120477,0.081054,0.402387,-0.157083,0.094269,0.356749,-0.12327,0.08957799999999999,0.420633,-0.127056,0.09414,0.397901
34,-0.120465,0.080885,0.4024,-0.15709700000000001,0.09442,0.35676399999999997,-0.12327,0.08957799999999999,0.420633,-0.127056,0.09414,0.397901
35,-0.19531099999999998,-0.021105000000000002,0.275645,-0.156146,-0.026521,0.276636,-0.186472,-0.025016999999999998,0.278445,-0.186473,-0.025013999999999998,0.278444
36,-0.123949,0.078205,0.400488,-0.15768,0.093308,0.356142,-0.12318299999999999,0.08943200000000001,0.42075200000000007,-0.127001,0.09403500000000001,0.39787100000000003
37,-0.167711,0.001296,0.3989,-0.18537599999999999,0.05019,0.336054,-0.176861,0.043477999999999996,0.395816,-0.176041,0.047779,0.385747
38,-0.21470300000000003,-0.071413,0.29333,-0.22925700000000002,-0.007664,0.260907,-0.23259699999999997,-0.078872,0.27799,-0.22475599999999998,-0.056629,0.272425
39,-0.14538,0.082775,0.319976,-0.179444,0.12231600000000001,0.293261,-0.139516,0.10768499999999999,0.304904,-0.164627,0.10720999999999999,0.330196
40,-0.24181,0.005084,0.23252,-0.233021,0.030376,0.21677,-0.251073,-0.019223,0.22814,-0.25107199999999996,-0.019219999999999998,0.22813899999999998
41,-0.219475,0.08819,0.239188,-0.229888,0.091063,0.191442,-0.23975900000000003,0.075172,0.23407199999999997,-0.239762,0.075173,0.23407199999999997
42,-0.231397,0.063088,0.231354,-0.232352,0.059363,0.201881,-0.249599,0.032805,0.228911,-0.249602,0.032811,0.228909
44,-0.22351300000000002,-0.062792,0.261088,-0.235692,-0.003665,0.22623200000000002,-0.238923,-0.077641,0.23451100000000002,-0.23298400000000002,-0.061036,0.23230100000000004
45,-0.23964899999999997,0.029068,0.22885,-0.233357,0.039497000000000004,0.20894000000000001,-0.251795,0.004626,0.22775900000000002,-0.251795,0.004642,0.227752
46,-0.234915,0.050871,0.228741,-0.232584,0.052764,0.204192,-0.25066700000000003,0.023754,0.22835100000000003,-0.250867,0.024234000000000002,0.228107
47,-0.23091599999999998,0.06335299999999999,0.230965,-0.231934,0.064416,0.200121,-0.24843800000000002,0.040355,0.22951999999999997,-0.24844000000000002,0.040358,0.22951799999999997
48,-0.219989,0.08730299999999999,0.239053,-0.22963899999999998,0.091163,0.191404,-0.239715,0.075305,0.23409499999999997,-0.23972399999999996,0.075309,0.234093
49,-0.21867199999999998,0.090222,0.240032,-0.229616,0.09131399999999999,0.191358,-0.23934299999999997,0.076411,0.23429,-0.239402,0.07643,0.23428000000000002
50,-0.218665,0.090238,0.240038,-0.229595,0.091455,0.191315,-0.23898699999999998,0.077456,0.234477,-0.23910599999999999,0.077527,0.23443000000000003
51,-0.18370899999999998,0.12441700000000001,0.306758,-0.217138,0.12548199999999998,0.233281,-0.197873,0.130607,0.304569,-0.197875,0.130608,0.304569
52,-0.218471,0.089448,0.239189,-0.230028,0.090843,0.185508,-0.241436,0.070364,0.22421,-0.241438,0.070365,0.22421
53,-0.224904,0.070333,0.222299,-0.231212,0.078609,0.163884,-0.24521500000000002,0.043108999999999995,0.18884700000000001,-0.245219,0.043111000000000003,0.18884700000000001
54,-0.2257,0.06765800000000001,0.220215,-0.231897,0.073767,0.1685,-0.246488,0.040205,0.194224,-0.24692199999999997,0.040568,0.19403499999999999
55,-0.23090100000000002,0.066812,0.233898,-0.230227,0.060512,0.216842,-0.24785500000000002,0.039404,0.244596,-0.24786100000000003,0.039416,0.24459
56,-0.228796,0.065937,0.280963,-0.21190100000000003,0.050187,0.284358,-0.231106,0.039349,0.31550100000000003,-0.231106,0.039352,0.315499
57,-0.192179,-0.085164,0.34324,-0.217192,0.009984,0.288542,-0.22753400000000001,-0.028007,0.32771500000000003,-0.225569,-0.023579,0.323646
58,-0.237657,-0.030093,0.274798,-0.223842,0.010381,0.268125,-0.24121199999999998,-0.028010000000000004,0.29081399999999996,-0.24121199999999998,-0.028007999999999998,0.290813
59,-0.241298,-0.019537,0.254147,-0.22923400000000002,0.013819,0.246085,-0.247389,-0.028011,0.262328,-0.24738800000000002,-0.028007999999999998,0.262326
60,-0.227244,0.068009,0.226412,-0.23199299999999998,0.076343,0.178498,-0.24645799999999998,0.048224,0.208977,-0.246459,0.048225,0.208977
61,-0.19263,0.130718,0.264467,-0.21667600000000004,0.152474,0.183385,-0.195434,0.151998,0.258764,-0.205621,0.154309,0.263369
62,-0.193216,0.125168,0.258813,-0.22137800000000002,0.135546,0.18581099999999998,-0.21248499999999998,0.129642,0.253017,-0.213698,0.12975899999999999,0.253485
63,-0.240202,0.029049000000000002,0.231046,-0.23311199999999999,0.03528,0.21600500000000003,-0.251697,-0.00106,0.233913,-0.25169600000000003,-0.001057,0.23391199999999998
64,-0.23635100000000003,0.050431000000000004,0.25723,-0.221913,0.045355,0.258736,-0.242524,0.027398000000000002,0.286202,-0.24258200000000002,0.028036000000000002,0.285773
65,-0.227552,0.070367,0.277609,-0.21446199999999999,0.056557,0.275857,-0.23188899999999998,0.047839,0.30922,-0.23189,0.047842,0.309217
66,-0.150747,0.12313900000000001,0.36657,-0.174801,0.11979000000000001,0.324703,-0.162363,0.11557200000000001,0.374429,-0.162364,0.115573,0.374427
67,-0.15796,0.05959299999999999,0.395096,-0.177149,0.06870599999999999,0.341883,-0.163806,0.064696,0.4014,-0.163675,0.067213,0.393627
68,-0.20557899999999998,-0.020324000000000002,0.352676,-0.204866,0.024604,0.310623,-0.213418,0.001172,0.35675,-0.21235900000000002,0.0036520000000000003,0.353444
69,-0.238853,0.018283,0.27891,-0.217959,0.024931000000000002,0.27858099999999997,-0.23829299999999998,0.001137,0.305503,-0.23829299999999998,0.001142,0.3055
70,-0.215495,0.087211,0.296778,-0.20703000000000002,0.072506,0.28825,-0.22105,0.067487,0.322794,-0.22105100000000003,0.06749,0.322793
71,-0.100717,0.138881,0.380251,-0.16742200000000002,0.16641199999999998,0.309361,-0.121647,0.15981199999999998,0.3699,-0.121648,0.159813,0.369898
72,-0.178795,0.129353,0.286196,-0.21374899999999997,0.15223399999999998,0.212875,-0.18595699999999998,0.154628,0.286747,-0.190905,0.155885,0.289896
73,-0.17841700000000002,0.06725,0.367866,-0.187931,0.049426,0.33320500000000003,-0.180284,0.044429,0.392094,-0.179595,0.047369,0.385252
74,-0.166061,-0.004567,0.38806,-0.187757,0.030663,0.331916,-0.16981,0.017909,0.399068,-0.16888699999999998,0.029524,0.377416
75,-0.22848400000000002,0.037999,0.30261,-0.203701,0.030201,0.300097,-0.220208,0.018258,0.33168000000000003,-0.22021100000000002,0.018261000000000003,0.33167800000000003
76,-0.11575,0.131503,0.380303,-0.156324,0.14718399999999998,0.332239,-0.12873199999999999,0.13503099999999998,0.37958400000000003,-0.12873900000000002,0.135033,0.379579
77,-0.107643,0.13447699999999999,0.383719,-0.152651,0.144549,0.337154,-0.117755,0.133236,0.38907600000000003,-0.11776099999999999,0.13323800000000002,0.389072
78,-0.162884,0.11537,0.357254,-0.177851,0.09916699999999999,0.323701,-0.173894,0.096759,0.365898,-0.174035,0.096873,0.365737
79,-0.232792,0.05095,0.267672,-0.21566799999999997,0.038741000000000005,0.268987,-0.235974,0.022781,0.289997,-0.235974,0.022783,0.289995
80,-0.23765999999999998,0.020247,0.275918,-0.21278000000000002,0.018729,0.283647,-0.231192,-0.001099,0.308137,-0.23119099999999998,-0.001085,0.308129
81,-0.234398,-0.009655,0.29355,-0.211509,0.009365,0.291773,-0.223996,-0.016451,0.324062,-0.223996,-0.01645,0.324061
82,-0.23661500000000002,0.034872,0.265772,-0.21681,0.033206,0.267146,-0.23649699999999999,0.014636000000000001,0.290516,-0.23649699999999999,0.014638,0.290514
83,-0.222479,0.075978,0.242616,-0.227807,0.076031,0.207006,-0.237898,0.059154,0.242871,-0.237902,0.05915700000000001,0.242871
84,-0.20659499999999997,0.10271,0.267498,-0.221277,0.098527,0.229452,-0.219324,0.096847,0.27625,-0.2194,0.096877,0.27623600000000004
85,-0.155933,0.11345799999999999,0.367853,-0.168923,0.100332,0.335441,-0.159448,0.096858,0.381299,-0.15945,0.096859,0.381297
86,-0.10301400000000001,0.09881000000000001,0.397473,-0.14474700000000001,0.129446,0.352968,-0.10460699999999999,0.11577899999999999,0.409457,-0.108299,0.117097,0.397271
87,-0.118336,0.13073800000000002,0.354087,-0.184301,0.17571900000000001,0.272648,-0.127789,0.168935,0.342143,-0.131221,0.17066099999999998,0.347039
88,-0.16586099999999998,0.14060999999999998,0.298956,-0.19909000000000002,0.17265,0.23887199999999997,-0.146419,0.168939,0.319294,-0.154272,0.172346,0.32763400000000004
89,-0.193687,0.12261400000000001,0.251767,-0.21639699999999998,0.149714,0.16861700000000002,-0.196725,0.144538,0.233427,-0.21600100000000003,0.148107,0.23945500000000003
90,-0.22356900000000002,0.066558,0.224527,-0.23033800000000001,0.07055499999999999,0.175699,-0.24115599999999998,0.042008,0.202031,-0.241159,0.042010000000000006,0.20203
91,-0.23276599999999997,0.037336,0.219891,-0.23144699999999999,0.049118,0.182382,-0.244483,0.009696999999999999,0.199683,-0.244733,0.01018,0.199499
93,-0.23327699999999998,0.034212,0.219752,-0.231454,0.048753,0.182504,-0.244502,0.009198,0.19967000000000001,-0.24450300000000003,0.0092,0.199669
95,-0.23326,0.034248,0.219705,-0.231462,0.048285,0.182661,-0.244504,0.009142,0.199669,-0.24450500000000003,0.009144,0.199667
96,-0.189256,-0.079261,0.260602,-0.23472300000000001,-0.0016420000000000002,0.204091,-0.23137399999999997,-0.08051799999999999,0.208932,-0.22679699999999997,-0.065555,0.207868
97,-0.235846,-0.02292,0.224251,-0.23297600000000002,0.018809,0.193958,-0.24256999999999998,-0.032536,0.201033,-0.24256999999999998,-0.032533,0.201032
98,-0.22929699999999997,0.048866,0.221023,-0.230967,0.059495000000000006,0.178958,-0.243101,0.028138999999999997,0.200658,-0.24310199999999998,0.028141000000000003,0.200658
99,-0.217831,0.077726,0.227838,-0.22853099999999998,0.087528,0.170989,-0.23600000000000002,0.06547599999999999,0.205668,-0.236076,0.065497,0.205657
100,-0.211839,0.088999,0.232629,-0.22733699999999998,0.096675,0.168888,-0.230043,0.08428,0.209871,-0.230437,0.084347,0.20985399999999998
101,-0.215731,0.082941,0.229637,-0.228419,0.08795800000000001,0.17086199999999999,-0.236157,0.064899,0.205558,-0.236161,0.0649,0.20555700000000002
102,-0.232911,0.036245,0.219517,-0.231727,0.04567,0.183618,-0.24454800000000002,0.007808,0.19963699999999998,-0.24455,0.007811,0.19963599999999998
103,-0.236727,-0.010243,0.221829,-0.232819,0.021497,0.1928,-0.242959,-0.029381,0.200759,-0.242957,-0.029374,0.200756
104,-0.23657399999999998,-0.013383,0.222254,-0.232823,0.021188,0.192924,-0.242765,-0.030992000000000002,0.20089500000000002,-0.24276399999999998,-0.030982,0.20089200000000002
105,-0.23654299999999998,-0.014709,0.222521,-0.23283099999999998,0.020361,0.19325499999999998,-0.242706,-0.031466,0.20093699999999998,-0.24270500000000003,-0.031452,0.200933
106,-0.093391,0.136562,0.386592,-0.142034,0.16156900000000002,0.34047,-0.0977,0.145373,0.390907,-0.097702,0.145374,0.390904
107,-0.080265,0.135907,0.378508,-0.150819,0.185836,0.314289,-0.097366,0.16691,0.369215,-0.097367,0.166911,0.369216
108,-0.177207,0.09110700000000001,0.364061,-0.176973,0.065837,0.336312,-0.171941,0.063662,0.385765,-0.172003,0.063801,0.385604
109,-0.17164300000000002,-0.014605000000000002,0.391692,-0.186246,0.036501,0.331038,-0.179531,0.030039999999999997,0.387677,-0.17870999999999998,0.034319,0.379234
110,-0.157196,-0.05581799999999999,0.379451,-0.200622,0.007489,0.317783,-0.18093800000000002,-0.017457,0.38803200000000004,-0.178148,0.002979,0.360072
111,-0.19148900000000002,-0.034273000000000005,0.367868,-0.19858599999999998,0.021907,0.314361,-0.202224,0.007517,0.362813,-0.20164400000000002,0.009165999999999999,0.36043200000000003
112,-0.22060700000000003,0.070143,0.29629,-0.20615300000000003,0.057999,0.28688800000000003,-0.220854,0.051575,0.31859699999999996,-0.220989,0.052136,0.318075
113,-0.217092,0.082328,0.286691,-0.211506,0.07169400000000001,0.270407,-0.22279899999999997,0.065147,0.30454000000000003,-0.22289099999999998,0.065264,0.30444299999999996
114,-0.12375599999999999,0.132053,0.372961,-0.168441,0.141765,0.319796,-0.14111600000000002,0.136168,0.367935,-0.14112,0.13617,0.36793200000000004
115,-0.10641199999999999,0.135101,0.383269,-0.150241,0.149769,0.337204,-0.11796,0.136168,0.386488,-0.11798199999999999,0.136176,0.38647600000000004
116,-0.1681,0.12926300000000002,0.317209,-0.209101,0.138633,0.24487399999999998,-0.184093,0.136168,0.309225,-0.184095,0.136169,0.309225
117,-0.181335,0.126977,0.286208,-0.21470300000000003,0.138848,0.223073,-0.191545,0.136169,0.291338,-0.193183,0.136405,0.292391
118,-0.18918800000000002,0.104075,0.251134,-0.21809,0.14366800000000002,0.16782,-0.202904,0.136167,0.23299099999999998,-0.21816100000000002,0.138236,0.23757399999999998
119,-0.186744,0.132396,0.268803,-0.210939,0.165961,0.183838,-0.171128,0.167415,0.268783,-0.19100699999999998,0.174521,0.280377
120,-0.131849,0.134025,0.359344,-0.18674300000000002,0.14796700000000002,0.288966,-0.15333,0.144597,0.345959,-0.153335,0.144599,0.345957
121,-0.150738,0.127441,0.353216,-0.187626,0.12528,0.299319,-0.172309,0.121896,0.346804,-0.172312,0.121898,0.346801
122,-0.214558,0.066596,0.319752,-0.19461199999999998,0.050595999999999995,0.311763,-0.20818299999999998,0.039023,0.348113,-0.20818299999999998,0.039026,0.348111
123,-0.16116,0.120643,0.348462,-0.188217,0.122582,0.300071,-0.174239,0.119181,0.346887,-0.174242,0.119182,0.346885
124,-0.07794,0.12228,0.38389,-0.137026,0.164278,0.343442,-0.091934,0.14489100000000002,0.394325,-0.092599,0.145026,0.39298
125,-0.10638199999999999,0.15801500000000002,0.367341,-0.125005,0.19238,0.336337,-0.069619,0.164244,0.385924,-0.06962,0.164249,0.385921
126,-0.229852,0.035631,0.225447,-0.228909,0.048425,0.190648,-0.23957399999999998,0.009666,0.203942,-0.23959699999999998,0.009709,0.203924
127,-0.226915,0.039104,0.220108,-0.228505,0.056102,0.172104,-0.23723400000000003,0.021324,0.191081,-0.237236,0.021325,0.19108
128,-0.221063,0.06507,0.229638,-0.227489,0.068691,0.190699,-0.23508099999999998,0.050683,0.22012800000000002,-0.235092,0.050689,0.220125
129,-0.206551,0.09602100000000001,0.263545,-0.219955,0.094564,0.22928,-0.217356,0.090074,0.27213699999999996,-0.21735900000000002,0.090075,0.272136
130,-0.14718399999999998,0.130477,0.333635,-0.18721300000000002,0.151704,0.283654,-0.15128699999999998,0.143924,0.338596,-0.15145699999999998,0.143965,0.338794
131,-0.14069700000000002,0.113344,0.379007,-0.157953,0.096216,0.34639699999999995,-0.13904,0.092765,0.393777,-0.139087,0.092804,0.39372399999999996
132,-0.129668,0.035367,0.406254,-0.156524,0.076387,0.353378,-0.127933,0.07258400000000001,0.411125,-0.130498,0.077275,0.394401
133,-0.214261,0.045695,0.329538,-0.188323,0.035082,0.319071,-0.19964,0.025885000000000002,0.35487399999999997,-0.199641,0.025887,0.354871
134,-0.230859,0.048839999999999995,0.256742,-0.21656599999999998,0.039018000000000004,0.254885,-0.23440300000000003,0.025870999999999998,0.27269699999999997,-0.234404,0.025873,0.272696
135,-0.23053200000000001,0.049246,0.246033,-0.21930100000000002,0.040713,0.245112,-0.237418,0.025873,0.254754,-0.237421,0.025877999999999998,0.25475
136,-0.229812,0.048692,0.278104,-0.203844,0.034179,0.288499,-0.222906,0.025872000000000003,0.310859,-0.22290700000000002,0.025876,0.310857
137,-0.218901,0.046885,0.318887,-0.191565,0.031327999999999995,0.313925,-0.201323,0.025872000000000003,0.352337,-0.201324,0.025883999999999997,0.35232600000000003
138,-0.167037,-0.032966,0.390466,-0.185252,0.030683999999999996,0.325433,-0.178029,0.025873,0.382184,-0.177513,0.028935000000000002,0.37652199999999997
139,-0.22834000000000002,0.046006,0.231115,-0.22760999999999998,0.049839999999999995,0.20033800000000002,-0.239235,0.025870999999999998,0.21949699999999997,-0.239262,0.025905,0.21948
140,-0.193181,-0.051898,0.300846,-0.21774000000000002,-0.013175999999999998,0.281704,-0.211402,-0.064063,0.31848899999999997,-0.206337,-0.045160000000000006,0.305189
141,-0.164081,-0.085965,0.334802,-0.21704099999999998,-0.014056,0.28367600000000004,-0.205488,-0.070903,0.32595799999999997,-0.199652,-0.045152,0.307519
142,-0.214954,0.079197,0.240601,-0.226185,0.08216699999999999,0.202329,-0.23017100000000001,0.068854,0.23242100000000002,-0.230175,0.068855,0.23242100000000002
143,-0.18512,0.139195,0.281672,-0.21071399999999998,0.165436,0.17874500000000001,-0.16894800000000001,0.1634,0.263092,-0.193905,0.17181,0.276949
144,-0.10068300000000001,0.13983800000000002,0.367046,-0.160194,0.181702,0.304178,-0.107601,0.163402,0.357324,-0.110042,0.164746,0.361915
145,-0.074202,0.129597,0.372241,-0.133234,0.191304,0.327669,-0.07939700000000001,0.163402,0.37450700000000003,-0.079707,0.163643,0.375409
146,-0.071422,0.129616,0.373194,-0.13309200000000002,0.191354,0.327766,-0.078445,0.163402,0.37496,-0.078715,0.163614,0.375755
147,-0.07141,0.129617,0.373199,-0.13296,0.191401,0.327858,-0.077757,0.163402,0.375283,-0.077998,0.16359300000000002,0.376002
148,-0.10591099999999999,0.141255,0.36526,-0.1723,0.177974,0.289748,-0.117914,0.163402,0.34886,-0.12173099999999999,0.165302,0.355047
149,-0.11882999999999999,0.13993599999999998,0.356764,-0.182981,0.174768,0.273881,-0.128171,0.163402,0.338895,-0.133827,0.165971,0.346781
150,-0.13031900000000002,0.137803,0.34715,-0.190618,0.172623,0.259835,-0.136035,0.1634,0.32994,-0.14352,0.16658499999999998,0.339185
151,-0.182551,0.137011,0.280094,-0.209475,0.16814,0.182595,-0.168605,0.163401,0.264525,-0.193135,0.17168599999999998,0.278397
152,-0.23018000000000002,0.041682,0.22825,-0.227964,0.044846,0.202716,-0.239912,0.018438,0.21828000000000003,-0.24023000000000003,0.018897,0.218072
153,-0.23536100000000001,-0.008208,0.228289,-0.227899,0.015599000000000002,0.21314299999999997,-0.23929899999999998,-0.025049000000000002,0.218656,-0.23929899999999998,-0.025047,0.218656
154,-0.232067,-0.013202,0.223066,-0.229859,0.020605000000000002,0.18418199999999998,-0.235881,-0.028654000000000002,0.187593,-0.23588,-0.02865,0.187591
155,-0.231773,-0.007556,0.218324,-0.22965100000000002,0.026139,0.179601,-0.236367,-0.020863,0.18546600000000002,-0.236367,-0.020861,0.18546500000000002
156,-0.214783,0.07016,0.224261,-0.22681300000000001,0.083906,0.161719,-0.23044,0.058788,0.190314,-0.23068400000000003,0.058847000000000003,0.190289
157,-0.2017,0.108675,0.23648,-0.21825,0.13733800000000002,0.156887,-0.203189,0.125887,0.21299099999999999,-0.224363,0.12762300000000001,0.21714
158,-0.166431,0.13856500000000002,0.310228,-0.20646399999999998,0.165899,0.21744899999999998,-0.157415,0.162244,0.298707,-0.171968,0.167419,0.31095900000000004
159,-0.14245,0.141504,0.338826,-0.194333,0.170401,0.25308200000000003,-0.142376,0.162245,0.32359099999999996,-0.150928,0.165634,0.33323200000000003
160,-0.12374600000000001,0.140969,0.354003,-0.180951,0.174073,0.278279,-0.128499,0.162245,0.340204,-0.133625,0.164516,0.34738800000000003
161,-0.094032,0.138401,0.369546,-0.15175999999999998,0.183085,0.313616,-0.100624,0.162245,0.363696,-0.101952,0.163017,0.366483
162,-0.104627,0.13634200000000002,0.363589,-0.170406,0.17717,0.293224,-0.117477,0.162246,0.35076999999999997,-0.120722,0.163832,0.356108
163,-0.070505,0.109365,0.37379,-0.188362,0.172015,0.265493,-0.13491199999999998,0.162245,0.333077,-0.134913,0.162246,0.33307800000000004
164,-0.105598,0.135204,0.363917,-0.168719,0.17766099999999999,0.29534,-0.117297,0.162246,0.35092199999999996,-0.12051700000000001,0.163822,0.35623299999999997
165,-0.118441,0.1409,0.357936,-0.182082,0.173758,0.276476,-0.12852,0.162246,0.34018899999999996,-0.133649,0.164517,0.347375
166,-0.07206900000000001,0.10906400000000001,0.373689,-0.19033599999999998,0.171469,0.26163000000000003,-0.13687,0.162246,0.330723,-0.136874,0.162247,0.330725
167,-0.14505099999999999,0.138817,0.335624,-0.198365,0.16937,0.24304,-0.14619000000000001,0.162246,0.318155,-0.155971,0.166012,0.32847800000000005
168,-0.19325499999999998,0.144723,0.245099,-0.212948,0.157994,0.18546600000000002,-0.179125,0.15413,0.257103,-0.20194700000000002,0.160098,0.268196
169,-0.187637,0.122975,0.269524,-0.216117,0.12776300000000002,0.22340500000000002,-0.196028,0.125005,0.28115500000000004,-0.19989200000000001,0.125316,0.28336300000000003
170,-0.190681,0.111383,0.294513,-0.20919400000000002,0.10486300000000001,0.260029,-0.20163499999999998,0.10430899999999999,0.301146,-0.201676,0.104325,0.301134
171,-0.197324,0.101204,0.306741,-0.19645,0.080401,0.294093,-0.202211,0.08129199999999999,0.324421,-0.202217,0.08129700000000001,0.324415
172,-0.182255,0.109036,0.322814,-0.195496,0.105966,0.289401,-0.188775,0.103834,0.328604,-0.188969,0.103879,0.328438
173,-0.129169,0.083926,0.333448,-0.203449,0.165947,0.230783,-0.152072,0.161718,0.309753,-0.163682,0.16596,0.320805
174,-0.18016400000000002,0.136504,0.287963,-0.20969400000000002,0.1666,0.19011199999999998,-0.168073,0.161804,0.272556,-0.189632,0.168891,0.28589000000000003
175,-0.202395,0.11252100000000001,0.23776,-0.220419,0.128051,0.15856199999999998,-0.21090100000000003,0.112205,0.20639200000000002,-0.226529,0.11236800000000001,0.208821
176,-0.224969,0.055453999999999996,0.225849,-0.227892,0.0566,0.19539700000000002,-0.23836999999999997,0.030673000000000002,0.212738,-0.23837199999999997,0.030675,0.21273699999999998
177,-0.222138,0.052814,0.305184,-0.196978,0.036063,0.302379,-0.20913099999999998,0.030514,0.338416,-0.209132,0.030517000000000002,0.338413
178,-0.226579,0.053376,0.284597,-0.204427,0.038014,0.286209,-0.223227,0.030514999999999997,0.308501,-0.223228,0.030518,0.308498
179,-0.232557,0.0038640000000000002,0.222587,-0.2294,0.025447,0.18878699999999998,-0.237594,-0.016614,0.190884,-0.237594,-0.016608,0.190882
180,-0.21920100000000003,0.06126,0.223199,-0.22774499999999998,0.074326,0.168478,-0.2335,0.048243,0.19389,-0.233502,0.048244,0.193889
181,-0.149267,0.134712,0.332946,-0.193761,0.158577,0.26413400000000004,-0.146169,0.15091,0.325022,-0.15431199999999998,0.153364,0.33403
182,-0.096558,0.132171,0.366786,-0.147579,0.174102,0.322973,-0.102933,0.151094,0.366656,-0.103789,0.151475,0.36843400000000004
183,-0.160982,0.12573800000000002,0.310299,-0.204704,0.159183,0.23215700000000003,-0.159226,0.151096,0.303446,-0.172556,0.154777,0.314958
184,-0.19250599999999998,0.145726,0.246933,-0.21188800000000002,0.158935,0.187075,-0.173952,0.151095,0.26314299999999996,-0.198497,0.15726099999999998,0.276362
185,-0.194796,0.11531300000000001,0.249562,-0.219925,0.127447,0.18626199999999998,-0.20207,0.117666,0.243927,-0.216158,0.11822200000000001,0.24898299999999998
186,-0.202585,-0.034696,0.311149,-0.20689200000000002,-0.005167000000000001,0.29265399999999997,-0.207427,-0.036231,0.32941,-0.20571599999999998,-0.030327,0.324202
187,-0.197239,-0.025096,0.339125,-0.197552,0.0023239999999999997,0.305691,-0.19628800000000002,-0.013349000000000001,0.352982,-0.195191,-0.009040000000000001,0.347919
188,-0.21391300000000002,0.040676,0.327155,-0.185672,0.027635000000000003,0.316723,-0.19508399999999998,0.024980000000000002,0.35299899999999995,-0.19508499999999998,0.024983,0.352996
189,-0.179312,0.09623999999999999,0.341562,-0.177048,0.08233,0.320214,-0.178532,0.082361,0.351948,-0.178534,0.082362,0.35194699999999995
190,-0.11633399999999999,0.130995,0.358825,-0.167043,0.162024,0.306902,-0.12134600000000001,0.148425,0.355484,-0.123135,0.149045,0.3584
191,-0.150845,0.13583199999999998,0.329999,-0.197345,0.157526,0.255821,-0.152679,0.14845899999999998,0.319333,-0.161323,0.150795,0.32811
192,-0.191626,0.146994,0.248411,-0.212254,0.15603,0.195108,-0.17463099999999998,0.14845899999999998,0.270036,-0.196036,0.153469,0.28241700000000003
193,-0.181777,0.12250799999999999,0.269975,-0.212437,0.156093,0.192439,-0.174878,0.14845799999999998,0.26910500000000004,-0.196551,0.153523,0.281499
194,-0.181779,0.12241300000000001,0.270135,-0.212439,0.156093,0.192418,-0.17490999999999998,0.14845999999999998,0.26898,-0.19661900000000002,0.153533,0.281375
195,-0.18548900000000001,0.131459,0.275344,-0.21245300000000003,0.1561,0.192174,-0.174941,0.14845899999999998,0.268863,-0.196684,0.153539,0.28126
196,-0.13789500000000002,0.13384200000000002,0.341341,-0.18295699999999998,0.160691,0.283254,-0.139812,0.14845899999999998,0.33666599999999997,-0.14483800000000002,0.149953,0.342953
197,-0.095355,0.128351,0.383523,-0.14040999999999998,0.142648,0.346209,-0.101798,0.12678499999999998,0.389619,-0.10180299999999999,0.12678699999999998,0.38961599999999996
198,-0.116165,0.081799,0.398971,-0.149506,0.093435,0.352167,-0.125118,0.088564,0.399529,-0.12563,0.089219,0.396611
199,-0.232393,-0.0055450000000000004,0.234006,-0.22295700000000002,0.01495,0.22288000000000002,-0.234835,-0.021574,0.223881,-0.234837,-0.021463999999999997,0.22383899999999998
200,-0.232143,-0.0073030000000000005,0.229451,-0.224806,0.015475999999999998,0.208502,-0.23441700000000001,-0.021577000000000002,0.21149400000000002,-0.234418,-0.021574,0.21149400000000002
201,-0.187362,0.098605,0.321511,-0.187782,0.087755,0.303289,-0.18851700000000002,0.087063,0.333598,-0.188519,0.087065,0.333596
202,-0.060736,0.11166500000000001,0.376969,-0.13314,0.161194,0.344857,-0.083531,0.141177,0.387216,-0.08365399999999999,0.141205,0.387048
203,-0.129694,0.0045,0.400179,-0.16497799999999999,0.042311,0.345328,-0.134494,0.039859,0.41065799999999997,-0.137575,0.050225,0.38595300000000005
204,-0.11864200000000001,0.071153,0.389504,-0.155387,0.066261,0.351505,-0.128674,0.06325599999999999,0.407982,-0.131142,0.068493,0.391839
205,-0.11922100000000001,0.068726,0.399522,-0.148079,0.091145,0.354224,-0.120761,0.08455800000000001,0.404344,-0.12247899999999999,0.086672,0.39544
206,-0.088952,0.105124,0.391183,-0.136992,0.13739200000000001,0.351572,-0.101306,0.11935699999999999,0.3954,-0.101454,0.119397,0.39505100000000004
207,-0.10702300000000001,0.131894,0.363449,-0.16732,0.171423,0.300706,-0.11655499999999999,0.155055,0.351729,-0.12045299999999999,0.156712,0.35823499999999997
208,-0.133381,0.12693800000000002,0.328951,-0.17488299999999998,0.170716,0.289659,-0.12453299999999999,0.155057,0.34439899999999996,-0.129779,0.157131,0.352202
209,-0.151028,0.135488,0.323676,-0.201066,0.16413,0.238661,-0.151254,0.155057,0.310357,-0.164143,0.159181,0.322753
210,-0.19085,0.149257,0.250503,-0.209736,0.162726,0.198581,-0.166768,0.155057,0.275733,-0.189196,0.161521,0.290179
211,-0.172205,0.110172,0.285377,-0.210046,0.136634,0.23573899999999998,-0.18006,0.132466,0.293744,-0.188636,0.133598,0.299746
212,-0.176045,0.113751,0.31239,-0.199004,0.111141,0.27728,-0.185835,0.11020799999999999,0.315289,-0.185868,0.110221,0.315281
213,-0.179569,0.107527,0.323523,-0.18745499999999998,0.092097,0.30256500000000003,-0.186115,0.093109,0.332518,-0.18612,0.093112,0.332513
214,-0.127799,0.072452,0.382718,-0.160711,0.05756699999999999,0.3472,-0.13586800000000002,0.05469500000000001,0.40584499999999996,-0.137773,0.060464,0.389988
215,-0.10220499999999999,0.086202,0.387565,-0.145531,0.090246,0.357365,-0.109528,0.082118,0.41205299999999995,-0.11454,0.086661,0.393679
216,-0.063167,0.108254,0.381279,-0.126505,0.15992699999999999,0.35169,-0.079702,0.132572,0.396048,-0.085895,0.133475,0.387642
217,-0.092426,0.157866,0.378857,-0.119914,0.179814,0.346367,-0.067638,0.146079,0.389472,-0.068326,0.155063,0.381666
218,-0.08228099999999999,0.135595,0.371496,-0.142008,0.18042,0.325052,-0.092834,0.154979,0.36883699999999997,-0.09411900000000001,0.155682,0.37187
219,-0.187583,0.15335,0.25744,-0.205538,0.163217,0.223246,-0.157639,0.15499000000000002,0.298669,-0.173559,0.159857,0.31204699999999996
220,-0.105172,0.13181199999999998,0.361562,-0.16064,0.174868,0.307082,-0.11243800000000001,0.15499100000000002,0.35522600000000004,-0.115727,0.156444,0.36105
221,-0.09826599999999999,0.157871,0.372095,-0.11947999999999999,0.19101500000000002,0.33958299999999997,-0.064473,0.15499100000000002,0.382193,-0.06452000000000001,0.155481,0.381775
222,-0.094041,0.160083,0.373089,-0.119326,0.191073,0.33966599999999997,-0.062592,0.15499100000000002,0.38286,-0.062688,0.155917,0.382069
223,-0.09563200000000001,0.159457,0.371573,-0.120879,0.189998,0.338878,-0.06762,0.15499200000000002,0.38102199999999997,-0.06762,0.154994,0.381023
224,-0.100449,0.13459100000000002,0.363583,-0.163374,0.174127,0.30409400000000003,-0.114304,0.15499100000000002,0.353705,-0.117849,0.156528,0.35981599999999997
227,-0.049701999999999996,0.111147,0.374386,-0.13471,0.18393099999999998,0.330117,-0.085129,0.15499100000000002,0.373112,-0.085136,0.154994,0.37312
228,-0.087109,0.158595,0.377506,-0.116149,0.192719,0.341246,-0.057539,0.15499100000000002,0.384527,-0.0578,0.157064,0.382752
229,-0.096914,0.129838,0.381296,-0.14539100000000002,0.14416400000000001,0.34029,-0.113782,0.128215,0.38098699999999996,-0.11378599999999998,0.128217,0.380985
230,-0.18475899999999998,-0.039229,0.288055,-0.21295799999999998,-0.018503,0.280186,-0.201654,-0.07471900000000001,0.307635,-0.197468,-0.054007000000000006,0.29489699999999996
231,-0.152995,0.09992899999999999,0.365996,-0.15904200000000002,0.083703,0.339706,-0.15129,0.085855,0.373512,-0.151293,0.085858,0.37350900000000004
232,-0.142699,0.103845,0.373911,-0.153976,0.087424,0.344063,-0.139416,0.085857,0.38414699999999996,-0.139422,0.085861,0.38414299999999996
233,-0.09665399999999999,0.075616,0.390847,-0.139987,0.095111,0.357996,-0.100022,0.085857,0.409822,-0.10711300000000001,0.090281,0.39209099999999997
234,-0.094515,0.09246,0.383551,-0.138776,0.095804,0.358975,-0.099592,0.08585599999999999,0.41003599999999996,-0.106878,0.09035800000000001,0.392016
235,-0.130104,0.039472,0.400957,-0.15423900000000001,0.061021000000000006,0.348375,-0.13292400000000001,0.06166900000000001,0.39991,-0.134152,0.064717,0.391018
236,-0.21948600000000001,-0.012891,0.316463,-0.194918,0.000557,0.30173099999999997,-0.201735,-0.015159,0.335441,-0.201734,-0.015153999999999999,0.335437
237,-0.220777,-0.033250999999999996,0.303126,-0.197664,-0.003017,0.297192,-0.208031,-0.030059,0.320015,-0.208031,-0.030057,0.32001399999999997
238,-0.187139,0.016783000000000003,0.367967,-0.17466700000000002,0.02531,0.327311,-0.17182999999999998,0.026560000000000004,0.374811,-0.17182999999999998,0.026570999999999997,0.374797
239,-0.118476,0.039191000000000004,0.400825,-0.146738,0.077794,0.354481,-0.115953,0.074189,0.40622800000000003,-0.118959,0.078055,0.392494
240,-0.10336300000000001,0.077058,0.389987,-0.144847,0.081206,0.355533,-0.115576,0.074455,0.406343,-0.118663,0.07833899999999999,0.39250799999999997
241,-0.103219,0.077543,0.389836,-0.144826,0.08124400000000001,0.355545,-0.11509000000000001,0.074798,0.406489,-0.11828399999999999,0.078705,0.392525
242,-0.11246800000000001,0.048010000000000004,0.400963,-0.144728,0.08141,0.355599,-0.113988,0.075574,0.406815,-0.11742899999999999,0.079532,0.39255300000000004
243,-0.112488,0.047652,0.401054,-0.144728,0.081411,0.355599,-0.113837,0.075679,0.406859,-0.11731300000000001,0.079644,0.392556
244,-0.11196500000000001,0.049866,0.400575,-0.144724,0.08141799999999999,0.355601,-0.113705,0.075772,0.40689699999999995,-0.117211,0.07974400000000001,0.392559
245,-0.14193,0.123269,0.338889,-0.177147,0.137928,0.303181,-0.145476,0.131935,0.341494,-0.147539,0.13227,0.344041
246,-0.17193699999999998,0.103298,0.335413,-0.17822000000000002,0.086323,0.313798,-0.177682,0.08718200000000001,0.34134899999999996,-0.17768399999999998,0.087184,0.341348
247,-0.203408,0.068899,0.321544,-0.1804,0.042341000000000004,0.314758,-0.193386,0.045163999999999996,0.341397,-0.19338699999999998,0.045166000000000005,0.341395
248,-0.186726,0.095851,0.313433,-0.192324,0.0874,0.291706,-0.189936,0.086921,0.321229,-0.19025999999999998,0.087127,0.32103400000000004
249,-0.17839100000000002,0.10762200000000001,0.279513,-0.213378,0.142073,0.211277,-0.179794,0.13284400000000002,0.276625,-0.196812,0.135133,0.28683000000000003
250,-0.18651800000000002,0.007526000000000001,0.252772,-0.219608,0.124975,0.17149,-0.20388699999999998,0.10665699999999999,0.216231,-0.22435,0.10629000000000001,0.22056900000000002
252,-0.22914600000000002,0.018667,0.239537,-0.213363,0.023966,0.244773,-0.23084200000000002,0.000583,0.240298,-0.2309,0.00078,0.240208
253,-0.199228,0.08408099999999999,0.305535,-0.188852,0.068573,0.299293,-0.19584400000000002,0.07093200000000001,0.32302800000000004,-0.195847,0.070934,0.32302600000000004
254,-0.152416,0.10922799999999999,0.35256,-0.16864,0.10582000000000001,0.323282,-0.15920399999999998,0.101838,0.3542,-0.159212,0.101842,0.354195
255,-0.059104,0.10965799999999999,0.36935,-0.127558,0.187116,0.33365500000000003,-0.070292,0.154505,0.373723,-0.072103,0.155857,0.379766
256,-0.149701,0.137068,0.33025,-0.199034,0.167051,0.23984299999999997,-0.144726,0.154587,0.30995100000000003,-0.1607,0.159892,0.326016
257,-0.21011300000000002,0.077287,0.275114,-0.204046,0.058330999999999994,0.270503,-0.214168,0.057351,0.289162,-0.214178,0.057361,0.289155
258,-0.20996700000000001,0.073712,0.25054,-0.219218,0.071626,0.22116,-0.221335,0.062086,0.247719,-0.221349,0.062092999999999995,0.247716
259,-0.20321199999999998,0.091705,0.236911,-0.222545,0.100895,0.181094,-0.213482,0.087298,0.22282,-0.222099,0.086327,0.22484099999999999
260,-0.195909,0.098445,0.263638,-0.21319000000000002,0.093306,0.241992,-0.205828,0.09031,0.27584200000000003,-0.20583,0.09031,0.27584200000000003
261,-0.182909,0.10056699999999999,0.314783,-0.188827,0.090379,0.296813,-0.186907,0.090334,0.323712,-0.186909,0.090335,0.323711
262,-0.165502,0.103353,0.34513,-0.171381,0.090787,0.32224,-0.168317,0.090336,0.351779,-0.168321,0.090339,0.351774
263,-0.225967,-0.036000000000000004,0.245777,-0.21809499999999998,-0.0024649999999999997,0.238702,-0.22735300000000003,-0.040422,0.236643,-0.22735300000000003,-0.040417,0.23664200000000002
264,-0.203249,-0.084253,0.258248,-0.223725,-0.0103,0.21436799999999998,-0.21781,-0.073492,0.204347,-0.21660500000000002,-0.068619,0.204062
265,-0.17246199999999998,0.116845,0.301447,-0.200016,0.12253399999999999,0.269538,-0.172495,0.12008800000000001,0.316628,-0.175004,0.120243,0.318822
266,-0.172807,0.10894200000000001,0.290703,-0.20727399999999999,0.125317,0.24866100000000002,-0.18148599999999998,0.12008699999999999,0.298095,-0.187826,0.120457,0.302657
267,-0.184499,0.11539,0.277168,-0.213387,0.12604500000000002,0.227208,-0.187629,0.12008699999999999,0.28122800000000003,-0.197872,0.12066400000000001,0.287365
268,-0.139768,0.12046099999999998,0.346382,-0.175207,0.128206,0.308834,-0.15382300000000002,0.12008699999999999,0.344209,-0.153831,0.12008900000000002,0.344208
269,-0.127057,0.120901,0.360591,-0.164489,0.130063,0.32201599999999997,-0.142753,0.12008699999999999,0.356637,-0.142762,0.12008699999999999,0.356635
270,-0.162143,-0.010065000000000001,0.352234,-0.193921,-0.006128,0.310311,-0.167946,-0.031063,0.378119,-0.16709000000000002,-0.008851999999999999,0.351553
271,-0.189116,-0.061585,0.335087,-0.20109100000000002,-0.007847,0.293564,-0.204766,-0.03145,0.326214,-0.204369,-0.030038,0.32495999999999997
272,-0.22876300000000002,-0.029269999999999997,0.255026,-0.21335300000000001,-0.0025440000000000003,0.253677,-0.226721,-0.031452999999999995,0.257766,-0.226721,-0.03145,0.257765
273,-0.227188,-0.024659,0.237085,-0.21980700000000003,0.00325,0.222847,-0.22908699999999999,-0.031454,0.221624,-0.22908699999999999,-0.031452,0.221624
274,-0.22654499999999997,0.01573,0.227171,-0.22059600000000001,0.025639,0.212166,-0.231158,0.00243,0.216369,-0.231161,0.002437,0.216367
275,-0.219879,0.044464,0.229074,-0.22188200000000002,0.047594,0.20436500000000002,-0.22902199999999998,0.031160000000000004,0.21762600000000001,-0.229023,0.031162,0.217625
276,-0.193064,0.094066,0.2974,-0.199927,0.084497,0.277292,-0.195952,0.08972999999999999,0.305753,-0.196496,0.09000599999999999,0.305604
277,-0.228656,-0.0030440000000000003,0.260411,-0.201183,0.004336,0.27369299999999996,-0.220401,-0.015793,0.277003,-0.220404,-0.015778999999999998,0.276988
278,-0.169719,0.08654099999999999,0.353196,-0.161741,0.066565,0.333875,-0.161182,0.069998,0.365531,-0.161186,0.070003,0.365526
279,-0.166269,0.089375,0.35554,-0.162338,0.06448,0.332932,-0.162934,0.06855399999999999,0.364323,-0.162936,0.06855599999999999,0.364321
280,-0.199782,-0.077971,0.283012,-0.217656,-0.021012,0.248894,-0.21154299999999998,-0.079461,0.241431,-0.20872399999999997,-0.067113,0.239819
282,-0.218729,0.039872000000000005,0.236596,-0.214011,0.034238,0.23010100000000003,-0.225212,0.028556,0.23116,-0.225214,0.028558,0.23116
283,-0.188666,-0.020496,0.294053,-0.20419,-0.017406,0.286014,-0.193905,-0.055495,0.32723,-0.191251,-0.040734,0.315716
284,-0.227965,-0.004961999999999999,0.262992,-0.20235999999999998,0.003064,0.26979200000000003,-0.22053299999999998,-0.011815,0.277537,-0.220534,-0.011812999999999999,0.277535
285,-0.212946,0.060263,0.248566,-0.21095999999999998,0.050621,0.244554,-0.21948099999999998,0.050069,0.253432,-0.219484,0.050069999999999996,0.253431
286,-0.134989,0.029448000000000002,0.394821,-0.156006,0.047511000000000005,0.342821,-0.136125,0.050122,0.395954,-0.137212,0.053596000000000005,0.387293
287,-0.09261,0.126466,0.369291,-0.137715,0.17335799999999998,0.331527,-0.09618099999999999,0.143155,0.365568,-0.099074,0.144275,0.372019
288,-0.183865,0.095417,0.307315,-0.192389,0.08443300000000001,0.288194,-0.190823,0.084819,0.31126,-0.190829,0.08482200000000001,0.311259
289,-0.221433,0.014535,0.227251,-0.21877800000000003,0.023506,0.204459,-0.226007,-0.002475,0.202826,-0.226012,-0.002468,0.202823
290,-0.184368,0.09403099999999999,0.307569,-0.190874,0.087961,0.290815,-0.18676500000000001,0.088638,0.315794,-0.18690299999999999,0.08870399999999999,0.315742
291,-0.143832,0.115704,0.340395,-0.170517,0.124547,0.314246,-0.150172,0.11576600000000001,0.34515100000000004,-0.150174,0.11576700000000001,0.345152
292,-0.123726,0.114228,0.366714,-0.158547,0.11926400000000001,0.329942,-0.136898,0.109578,0.364487,-0.136902,0.109579,0.36448600000000003
293,-0.179081,0.037581,0.271207,-0.21857100000000002,0.117845,0.19889,-0.19614700000000002,0.109449,0.24975,-0.213394,0.10938699999999998,0.256679
294,-0.201585,0.10657799999999999,0.241892,-0.21931900000000001,0.12103399999999999,0.177519,-0.197704,0.109449,0.22828099999999998,-0.22085100000000002,0.109366,0.234844
295,-0.199945,0.10832699999999999,0.241977,-0.21930500000000003,0.121146,0.176869,-0.197724,0.10945,0.22602399999999997,-0.22150599999999998,0.109365,0.23247800000000002
296,-0.187254,0.040260000000000004,0.243918,-0.221759,0.094965,0.179295,-0.21078899999999998,0.08229199999999999,0.21491500000000002,-0.223,0.080592,0.21733400000000003
297,-0.18701500000000001,0.0010890000000000001,0.250384,-0.221375,0.101217,0.177853,-0.207862,0.08935499999999999,0.21711399999999997,-0.223246,0.087734,0.220379
298,-0.12003499999999999,0.006104,0.393437,-0.15784600000000001,0.034022000000000004,0.34186700000000003,-0.122734,0.035365,0.408735,-0.127442,0.046808999999999996,0.382929
299,-0.228204,-0.003489,0.256826,-0.204355,0.0038590000000000005,0.26398299999999997,-0.22273400000000002,-0.013453999999999999,0.26707600000000004,-0.222735,-0.013438999999999998,0.267069
300,-0.22590900000000003,-0.028636,0.261661,-0.20556,-0.008128,0.268045,-0.219375,-0.032394,0.273285,-0.219375,-0.032391,0.273284
301,-0.17973699999999998,-0.081483,0.316697,-0.206792,-0.01753,0.27698,-0.20869200000000002,-0.051743,0.296511,-0.208432,-0.050787,0.29590700000000003
302,-0.176899,0.093595,0.327238,-0.179875,0.084098,0.309174,-0.17879,0.084982,0.333092,-0.178792,0.084983,0.33309099999999997
303,-0.16534300000000002,0.09936,0.340912,-0.169926,0.087368,0.321297,-0.167629,0.087734,0.347086,-0.167631,0.08773500000000001,0.347085
304,-0.144272,0.10267899999999999,0.365347,-0.155202,0.089165,0.338901,-0.14542,0.08794099999999999,0.371586,-0.14544100000000001,0.08795599999999999,0.371568
305,-0.12678299999999998,0.066579,0.387678,-0.153117,0.056930999999999995,0.345156,-0.135621,0.060269,0.39300799999999997,-0.136,0.061324000000000004,0.39007600000000003
306,-0.133007,-0.017557,0.391289,-0.16683499999999998,0.017266,0.332627,-0.144266,0.016353,0.396255,-0.14602,0.027613,0.375891
307,-0.21480300000000002,-0.028033,0.314887,-0.192146,-0.00555,0.299458,-0.199156,-0.023804,0.329874,-0.199154,-0.023787,0.329864
308,-0.224045,-0.022664,0.285838,-0.19838,-0.006326,0.285095,-0.212096,-0.023814,0.301564,-0.212096,-0.023809999999999998,0.301561
309,-0.222214,-0.014719,0.230135,-0.218133,0.007682,0.20808800000000002,-0.224706,-0.023816999999999998,0.202812,-0.22470700000000002,-0.023813,0.202811
310,-0.22227199999999997,-0.014343,0.226511,-0.218148,0.0077280000000000005,0.20791300000000001,-0.224661,-0.023816999999999998,0.202382,-0.224663,-0.023808000000000003,0.202379
311,-0.22227199999999997,-0.014341,0.226504,-0.218162,0.007770999999999999,0.207749,-0.224633,-0.023815,0.202122,-0.22463400000000003,-0.023813,0.202121
312,-0.199006,0.021357,0.241731,-0.22213000000000002,0.0659,0.18442,-0.22016,0.050698,0.204281,-0.22016799999999997,0.050696,0.204281
313,-0.210681,0.052907,0.309437,-0.179566,0.028697000000000004,0.310562,-0.194198,0.034973000000000004,0.33550399999999997,-0.194201,0.034977999999999995,0.33550100000000005
314,-0.184563,0.021446,0.258804,-0.22062199999999998,0.110332,0.184471,-0.20077799999999998,0.103921,0.22962,-0.220612,0.103274,0.23529299999999997
315,-0.20169600000000001,0.085138,0.235695,-0.22150599999999998,0.094658,0.186383,-0.21043299999999998,0.083755,0.22258699999999998,-0.221516,0.08229199999999999,0.225212
316,-0.22335300000000002,0.006977,0.226541,-0.217572,0.015657,0.212835,-0.22651500000000002,-0.009221,0.211102,-0.226516,-0.00922,0.211101
317,-0.22543200000000002,-0.001161,0.245797,-0.200989,0.000889,0.261997,-0.219862,-0.012217,0.26157199999999997,-0.219863,-0.012212,0.261569
318,-0.225902,-0.002607,0.254288,-0.197472,-0.000766,0.271038,-0.21717899999999998,-0.012303,0.274727,-0.21718,-0.012299,0.274725
319,-0.133631,-0.044366,0.37734,-0.17623699999999998,-0.004274,0.316212,-0.153113,-0.012320000000000001,0.383925,-0.154157,0.00396,0.361419
320,-0.22306199999999998,-0.003278,0.2426,-0.206023,0.003525,0.24610900000000002,-0.222446,-0.012322,0.239848,-0.22244699999999998,-0.012320000000000001,0.239846
321,-0.22334,-0.002196,0.23887,-0.20606,0.003563,0.245939,-0.22246300000000002,-0.012320000000000001,0.23958600000000002,-0.222465,-0.012317,0.239585
322,-0.22334,-0.002194,0.238862,-0.206094,0.0035979999999999996,0.245779,-0.222478,-0.012320000000000001,0.239362,-0.222478,-0.012315999999999999,0.23936
323,-0.090586,0.11806400000000002,0.370773,-0.132723,0.150779,0.345618,-0.096513,0.12447799999999999,0.376839,-0.096515,0.12447899999999999,0.376841
324,-0.085781,0.120581,0.370263,-0.13476,0.165597,0.336863,-0.091673,0.137296,0.368191,-0.09450499999999999,0.138248,0.37495
325,-0.115953,0.104637,0.34479,-0.17674,0.1559,0.292124,-0.133078,0.137464,0.33353299999999997,-0.14306,0.13969700000000002,0.346455
326,-0.132418,0.07545,0.332782,-0.202982,0.150659,0.239927,-0.156352,0.137465,0.29839699999999997,-0.175808,0.141121,0.314855
327,-0.196572,0.088396,0.248672,-0.21426199999999998,0.079497,0.229015,-0.20729899999999998,0.076409,0.252936,-0.21131599999999998,0.07572000000000001,0.254523
328,-0.213389,0.050622,0.242823,-0.208652,0.038107999999999996,0.240852,-0.219491,0.034054,0.246685,-0.219493,0.034055,0.24668400000000001
329,-0.22020900000000002,0.028904000000000003,0.240291,-0.20597800000000002,0.020127000000000003,0.245569,-0.22202600000000003,0.011804,0.24538600000000002,-0.22202800000000003,0.011807999999999999,0.245385
330,-0.22401500000000002,-0.000621,0.240848,-0.205209,0.0022370000000000003,0.24902600000000003,-0.221861,-0.014353999999999999,0.24547,-0.221879,-0.014265,0.245432
331,-0.22399999999999998,-0.004458,0.241323,-0.20518000000000003,0.0015019999999999999,0.249153,-0.22169,-0.016593,0.245558,-0.221691,-0.01659,0.245556
332,-0.215338,0.042957,0.242639,-0.208575,0.036811,0.241168,-0.21971999999999997,0.032677,0.246567,-0.219723,0.03268,0.246565
333,-0.188133,0.122902,0.27478,-0.212392,0.141895,0.210021,-0.172714,0.130651,0.27063400000000004,-0.197818,0.13383499999999998,0.285418
334,-0.183908,0.07113799999999999,0.341911,-0.164139,0.039707,0.32714,-0.169229,0.048854,0.35935900000000004,-0.16923,0.048855,0.35935700000000004
335,-0.154617,0.047487,0.364931,-0.162718,0.021734,0.329995,-0.156327,0.027416000000000003,0.37897,-0.156382,0.028506,0.376969
336,-0.178253,0.08467000000000001,0.329111,-0.174118,0.069765,0.31378,-0.178014,0.07341900000000001,0.33503,-0.178017,0.073421,0.335027
337,-0.044454,0.104887,0.373349,-0.126256,0.182257,0.335895,-0.076705,0.145859,0.367626,-0.07670700000000001,0.14586,0.367629
338,-0.040908,0.105871,0.37347,-0.126119,0.182454,0.335888,-0.076705,0.145859,0.367626,-0.07670700000000001,0.14586,0.367629
339,-0.040902,0.105873,0.37347,-0.12599100000000002,0.18263900000000002,0.335881,-0.07662000000000001,0.145859,0.367667,-0.076624,0.145859,0.367671
340,-0.192184,0.11795,0.261081,-0.21589499999999998,0.133602,0.194047,-0.18197,0.12424500000000001,0.249043,-0.21073499999999998,0.12662,0.261439
341,-0.146004,-0.032244,0.371149,-0.178013,-0.003703,0.31504899999999997,-0.158401,-0.016189,0.37855500000000003,-0.15879200000000002,-0.0006519999999999999,0.358147
342,-0.122423,0.011031000000000001,0.385277,-0.158865,0.017454,0.335402,-0.127635,0.017009,0.403563,-0.132107,0.031564,0.376296
343,-0.115922,0.041186,0.380921,-0.156656,0.020374,0.337341,-0.12340599999999999,0.026276,0.405219,-0.12813,0.038935000000000004,0.379378
344,-0.139895,-0.005173,0.38464,-0.164685,0.011954000000000001,0.32860900000000004,-0.148242,0.01188,0.388291,-0.149337,0.021266,0.37250300000000003
345,-0.21170100000000003,0.024333,0.317068,-0.17713099999999998,0.009871,0.309259,-0.191652,0.011681,0.33708899999999997,-0.191653,0.011685,0.33708499999999997
346,-0.22161999999999998,0.026554,0.272921,-0.19023900000000002,0.013142,0.28415799999999997,-0.212456,0.011679,0.291754,-0.212457,0.011682,0.29175300000000004
347,-0.198755,0.019696,0.241268,-0.21900300000000003,0.05140700000000001,0.19075699999999998,-0.218783,0.036876,0.201712,-0.218788,0.036874000000000004,0.201712
348,-0.213227,0.04898,0.286603,-0.18504,0.029426,0.293985,-0.20285899999999998,0.03652,0.309238,-0.20294500000000001,0.036691,0.309113
349,-0.21914899999999998,-0.026375,0.291088,-0.19428399999999998,-0.011098,0.28768299999999997,-0.204344,-0.028237,0.308987,-0.204344,-0.028234,0.308985
350,-0.18951300000000001,-0.038569,0.297563,-0.199725,-0.019065000000000002,0.283916,-0.199955,-0.048669,0.309734,-0.199215,-0.045362,0.307372
351,-0.172057,-0.018531,0.320272,-0.196257,-0.021143000000000002,0.295479,-0.172727,-0.051753999999999994,0.35389699999999996,-0.171354,-0.028847,0.332453
352,-0.209783,3.9e-05,0.326079,-0.18042,-0.001046,0.308243,-0.18393099999999998,-0.003811,0.34938800000000003,-0.18393199999999998,-0.0038,0.34938
353,-0.20783800000000002,0.038893000000000004,0.318475,-0.174205,0.014672999999999999,0.313322,-0.188605,0.025232,0.339762,-0.188606,0.025235,0.33976
354,-0.14561300000000002,-0.019955,0.366549,-0.179446,-0.008676,0.313735,-0.154185,-0.021027,0.382008,-0.15522,-0.0018219999999999998,0.357147
355,-0.201968,0.07217799999999999,0.261547,-0.20884,0.06155,0.24689699999999998,-0.20975700000000003,0.063468,0.26529200000000003,-0.209877,0.063513,0.265268
356,-0.183667,0.082884,0.309016,-0.180128,0.063733,0.30084299999999997,-0.182314,0.072686,0.320817,-0.182316,0.072687,0.320816
357,-0.21707100000000001,0.000349,0.234684,-0.207287,0.006661,0.22895300000000002,-0.21924200000000002,-0.011849,0.218455,-0.219244,-0.011845,0.218453
358,-0.189084,0.044598,0.244243,-0.218782,0.082324,0.197029,-0.205646,0.075599,0.224417,-0.21944699999999998,0.073154,0.22789600000000002
359,-0.173374,0.102358,0.283819,-0.20904699999999998,0.142028,0.22340900000000002,-0.164402,0.13159300000000002,0.279439,-0.190304,0.135215,0.297003
360,-0.171654,0.157123,0.294558,-0.147038,0.157771,0.32726500000000003,-0.110101,0.131659,0.355565,-0.116931,0.141992,0.36339499999999997
361,-0.089152,0.115843,0.36406,-0.134411,0.162174,0.337633,-0.095312,0.13166,0.36592600000000003,-0.09880900000000001,0.132551,0.373817
362,-0.080264,0.11685999999999999,0.368295,-0.124748,0.166631,0.344344,-0.081634,0.131659,0.37356300000000003,-0.083865,0.132338,0.379811
363,-0.077413,0.117974,0.369616,-0.11665899999999998,0.171461,0.348951,-0.068521,0.13166,0.379396,-0.078533,0.134006,0.38145100000000004
364,-0.07545199999999999,0.11961199999999998,0.370704,-0.11646,0.17158099999999998,0.349051,-0.068402,0.13166,0.379443,-0.078526,0.13403299999999999,0.38145
365,-0.146387,-0.004942,0.371947,-0.168408,0.0010550000000000002,0.319757,-0.15441,-0.002613,0.378236,-0.15499000000000002,0.007375,0.363873
366,-0.215545,0.021553,0.238457,-0.20728600000000003,0.021103999999999998,0.2309,-0.219377,0.010776,0.229086,-0.21937800000000002,0.010779,0.22908499999999998
367,-0.21276599999999998,0.023094,0.231657,-0.21259699999999998,0.026927,0.206704,-0.218417,0.013607,0.20660100000000003,-0.218419,0.013609,0.20660100000000003
368,-0.182213,-0.080072,0.273979,-0.21785100000000002,-0.028827999999999996,0.227829,-0.19551,-0.097886,0.22115500000000002,-0.19221400000000002,-0.072142,0.21921
369,-0.214641,0.0021079999999999996,0.228171,-0.211775,0.013538999999999999,0.20905500000000002,-0.21840199999999999,-0.004396,0.202461,-0.21840900000000002,-0.004385,0.202457
370,-0.21185199999999998,0.021737,0.227708,-0.21327,0.028133999999999996,0.203593,-0.21795100000000003,0.014987,0.202829,-0.217954,0.014990999999999999,0.202828
371,-0.209373,0.040429,0.233888,-0.21214299999999997,0.038715,0.216844,-0.21697800000000003,0.033578,0.223327,-0.21698299999999998,0.03358,0.223325
372,-0.204028,0.059745000000000006,0.243493,-0.209315,0.049533999999999995,0.233771,-0.212842,0.049664,0.24452800000000002,-0.212903,0.049685,0.244523
373,-0.19905699999999998,0.074552,0.250314,-0.205796,0.060474,0.248375,-0.20654699999999998,0.063036,0.26264899999999997,-0.20655,0.063036,0.26265
374,-0.162394,0.112756,0.312603,-0.178615,0.12104200000000001,0.300691,-0.155301,0.112595,0.32715,-0.16128599999999998,0.112698,0.33344
375,-0.18085199999999998,0.083315,0.319577,-0.168627,0.057852999999999995,0.316877,-0.178792,0.06543099999999999,0.331815,-0.178815,0.065445,0.33179699999999995
376,-0.130928,-0.028919999999999998,0.384911,-0.16326,0.005816,0.324617,-0.145763,0.007392,0.385922,-0.147101,0.017341,0.36995
377,-0.147609,0.014905000000000002,0.361161,-0.167795,-0.002118,0.31943299999999997,-0.152008,-0.004797,0.380446,-0.15290499999999999,0.007023000000000001,0.363534
378,-0.168459,-0.016106,0.333895,-0.185792,-0.018157,0.300606,-0.174075,-0.03804,0.350956,-0.173048,-0.024172,0.337181
379,-0.142929,-0.077177,0.343508,-0.197365,-0.025382,0.287894,-0.183309,-0.063136,0.32569899999999996,-0.18124,-0.044893999999999996,0.312175
380,-0.195971,0.024702,0.342674,-0.168797,0.004841,0.31699,-0.170335,0.01457,0.36042399999999997,-0.170336,0.014573,0.36042199999999996
381,-0.195578,0.027836,0.34261,-0.168653,0.005000999999999999,0.317105,-0.169982,0.014056,0.360904,-0.169982,0.014058000000000001,0.360902
382,-0.195576,0.027848,0.34261,-0.168519,0.005152,0.317213,-0.169766,0.013746000000000001,0.361193,-0.169767,0.013748,0.361191
383,-0.164629,-0.020191,0.369093,-0.169213,0.001864,0.31608200000000003,-0.169466,0.003771,0.362194,-0.169438,0.004204,0.361592
384,-0.205382,0.054214,0.242242,-0.21239699999999997,0.048713,0.22207399999999997,-0.21504600000000001,0.04333,0.232789,-0.215187,0.043375,0.232773
385,-0.13943699999999998,-0.07071000000000001,0.35136,-0.195046,-0.022823,0.290161,-0.174502,-0.05595599999999999,0.343421,-0.173078,-0.035048,0.325416
386,-0.21198699999999998,0.041194999999999996,0.245393,-0.205736,0.033207,0.242011,-0.216283,0.032178,0.245013,-0.21655300000000002,0.032422,0.24489
387,-0.20627199999999998,0.049951999999999996,0.30217,-0.17274,0.02567,0.30783299999999997,-0.19097999999999998,0.033697000000000005,0.326264,-0.19098099999999998,0.033701,0.32626
388,-0.146374,0.097223,0.349991,-0.16081800000000002,0.092395,0.327288,-0.151333,0.091017,0.351609,-0.15134,0.09102,0.351606
389,-0.146096,0.101226,0.323314,-0.182509,0.129414,0.292612,-0.152847,0.11783199999999999,0.324687,-0.161132,0.118282,0.333402
390,-0.168487,0.118827,0.305958,-0.19523900000000002,0.129892,0.269323,-0.161464,0.12001500000000001,0.307645,-0.174625,0.12088,0.319208
391,-0.179548,0.114561,0.283916,-0.208729,0.129504,0.23358800000000002,-0.172501,0.120197,0.28207899999999997,-0.19273900000000002,0.121459,0.295446
392,-0.17547100000000002,0.039902,0.280563,-0.21464,0.12906900000000002,0.20133900000000002,-0.180117,0.12020299999999999,0.250931,-0.209848,0.121975,0.264214
393,-0.192326,0.097846,0.261502,-0.20560900000000001,0.092296,0.24968200000000002,-0.18807100000000002,0.092912,0.273181,-0.201236,0.09163400000000001,0.280452
394,-0.196348,0.029945999999999997,0.333878,-0.16526400000000002,0.005490999999999999,0.314727,-0.170786,0.013415,0.354643,-0.170787,0.01342,0.35464
395,-0.15320999999999999,0.014639,0.353257,-0.166323,-0.007197,0.314738,-0.153426,-0.008454000000000001,0.374281,-0.1541,0.002073,0.360039
396,-0.137397,-0.032405,0.375021,-0.166615,-0.008669,0.31453600000000004,-0.15242,-0.009549,0.375191,-0.153231,0.001843,0.359824
397,-0.148706,0.009825,0.357473,-0.16663699999999998,-0.008735,0.31452199999999997,-0.152308,-0.009670999999999999,0.375292,-0.153135,0.001818,0.3598
398,-0.148759,0.009987000000000001,0.357403,-0.16663699999999998,-0.008736,0.31452199999999997,-0.15176099999999998,-0.01026,0.375778,-0.152668,0.001695,0.359683
399,-0.189943,0.072681,0.293098,-0.18387,0.05731,0.291576,-0.190388,0.06389600000000001,0.302973,-0.190428,0.063919,0.30295900000000003
400,-0.193769,0.056430999999999995,0.242707,-0.209407,0.050998,0.227035,-0.20939899999999997,0.052657,0.232231,-0.212998,0.051615,0.233263
401,-0.20877600000000002,0.035821,0.236158,-0.20497600000000002,0.026575,0.23134699999999997,-0.21498299999999998,0.023254,0.22860999999999998,-0.21499000000000001,0.023259000000000002,0.228608
402,-0.21520799999999998,-0.001266,0.235823,-0.20061400000000001,0.000157,0.238589,-0.215937,-0.012263,0.227991,-0.21593800000000002,-0.01226,0.22799
403,-0.206506,-0.050282,0.249749,-0.202011,-0.017338,0.24224400000000001,-0.209931,-0.050634,0.231886,-0.209931,-0.050633,0.231886
404,-0.212928,0.012058,0.235586,-0.204529,0.014883,0.22875900000000002,-0.216177,0.0077150000000000005,0.225025,-0.21626700000000001,0.007821999999999999,0.224981
405,-0.214612,0.019076,0.239632,-0.195711,0.01243,0.254103,-0.2148,0.010733,0.24796700000000002,-0.214804,0.010739,0.247964
406,-0.216569,0.023103,0.260535,-0.183581,0.007973000000000001,0.28078200000000003,-0.207819,0.010795,0.283199,-0.20782399999999998,0.010804000000000001,0.283193
407,-0.211337,0.023202,0.298433,-0.171888,0.00476,0.302191,-0.191169,0.0108,0.323966,-0.19117,0.010801999999999999,0.323965
408,-0.153141,0.0707,0.310477,-0.193139,0.115765,0.27663899999999997,-0.166127,0.111446,0.302152,-0.17988900000000002,0.11156400000000001,0.313393
409,-0.137692,0.110979,0.337856,-0.154692,0.124527,0.328363,-0.13230899999999998,0.111449,0.349671,-0.13561099999999998,0.11148499999999999,0.35440900000000003
410,-0.19506700000000002,0.034214999999999995,0.334151,-0.16392,0.010920000000000001,0.316056,-0.17260899999999998,0.016612000000000002,0.35194200000000003,-0.17260999999999999,0.016614,0.35194000000000003
411,-0.21245999999999998,0.027368,0.24628,-0.198016,0.017519,0.24963200000000002,-0.21468099999999998,0.01649,0.245491,-0.214682,0.016491,0.245491
412,-0.203201,0.053678,0.244253,-0.204476,0.041763999999999996,0.240515,-0.210885,0.043171,0.2443,-0.210891,0.043173,0.244299
413,-0.176398,0.088977,0.273578,-0.212088,0.134356,0.213367,-0.17140899999999998,0.122217,0.266169,-0.200409,0.124402,0.28258
414,-0.077588,0.125399,0.371674,-0.12016500000000001,0.18645599999999998,0.33721599999999996,-0.07220499999999999,0.14103800000000002,0.364168,-0.07749199999999999,0.143702,0.380436
415,-0.08240399999999999,0.15290499999999999,0.377619,-0.11073800000000002,0.191456,0.34183600000000003,-0.060292,0.14103800000000002,0.369093,-0.061442,0.146981,0.367014
416,-0.082692,0.156943,0.377024,-0.11434000000000001,0.173501,0.349019,-0.06526900000000001,0.128683,0.378575,-0.06804500000000001,0.14699,0.369823
417,-0.07531900000000001,0.121924,0.370181,-0.12007999999999999,0.16689,0.34733,-0.076646,0.128636,0.373857,-0.079465,0.129407,0.381626
418,-0.095881,0.121815,0.365027,-0.13656400000000002,0.159024,0.336118,-0.10009900000000001,0.128627,0.360555,-0.10521099999999999,0.129687,0.371164
419,-0.15795499999999998,0.125778,0.320118,-0.191834,0.14458900000000002,0.268878,-0.1477,0.128626,0.310417,-0.165467,0.131029,0.32795799999999997
420,-0.133642,0.070241,0.345859,-0.20643899999999998,0.11900699999999999,0.243506,-0.175568,0.111421,0.278544,-0.175572,0.11142200000000001,0.278546
421,-0.192491,0.081718,0.255282,-0.202276,0.066075,0.255186,-0.199623,0.069492,0.268012,-0.20322,0.068718,0.269779
422,-0.20114,0.06277999999999999,0.255654,-0.197128,0.043383,0.260954,-0.206695,0.048315,0.264943,-0.206697,0.048316000000000005,0.264943
424,-0.167993,-0.021285,0.340519,-0.177751,-0.015837,0.301359,-0.172147,-0.025709,0.350998,-0.17164300000000002,-0.018252,0.343026
425,-0.19927999999999998,0.08377799999999999,0.24439,-0.213894,0.078872,0.22107,-0.200938,0.076362,0.24288400000000002,-0.21369699999999997,0.074097,0.247419
426,-0.185223,0.07014,0.253301,-0.214901,0.093249,0.21569699999999997,-0.194822,0.089424,0.24661,-0.21326399999999998,0.08735,0.253758
427,-0.190262,0.070633,0.247248,-0.21830100000000002,0.100954,0.185615,-0.194825,0.091888,0.223121,-0.221146,0.08928,0.229962
428,-0.171379,0.098851,0.296131,-0.174545,0.092001,0.307782,-0.16676300000000002,0.092061,0.323675,-0.16842000000000001,0.091869,0.325251
429,-0.122991,0.103128,0.360405,-0.14671700000000001,0.102601,0.33991,-0.131827,0.094187,0.363733,-0.131831,0.094189,0.363732
430,-0.216977,7e-05,0.248654,-0.194821,-0.001314,0.257782,-0.214623,-0.011119,0.24939699999999998,-0.21462399999999998,-0.011117,0.24939499999999998
431,-0.146384,0.010444,0.356252,-0.16764300000000001,-0.009436,0.313128,-0.146593,-0.014173,0.38024600000000003,-0.148339,0.001504,0.359238
432,-0.206281,-0.009420999999999999,0.317686,-0.175816,-0.01111,0.300548,-0.18608,-0.014174,0.332503,-0.186081,-0.014169,0.3325
433,-0.212019,-0.010062,0.300812,-0.178593,-0.0108,0.294916,-0.19471,-0.014174,0.316631,-0.19471,-0.014168,0.316628
434,-0.21779899999999996,-0.007515999999999999,0.26969,-0.18571500000000002,-0.008542000000000001,0.278886,-0.20783000000000001,-0.014174,0.28245,-0.207831,-0.014166999999999999,0.282447
435,-0.21481,-0.00728,0.252112,-0.188301,-0.007883,0.2637,-0.211329,-0.013921000000000001,0.253736,-0.21133400000000002,-0.013909,0.253731
436,-0.215077,-0.007328,0.249063,-0.18833,-0.007871,0.263403,-0.211115,-0.013902000000000001,0.253693,-0.211116,-0.013899000000000002,0.253691
437,-0.190698,0.088543,0.258347,-0.20851999999999998,0.093164,0.23934499999999997,-0.187315,0.09129,0.264834,-0.20463199999999998,0.089443,0.27362
438,-0.183001,0.10840699999999999,0.275732,-0.20859299999999997,0.131631,0.22863899999999998,-0.165994,0.120545,0.27547,-0.193937,0.122423,0.293509
439,-0.18054800000000001,0.110845,0.279197,-0.208573,0.131824,0.22859200000000002,-0.165994,0.120545,0.27547,-0.193937,0.122423,0.293509
440,-0.161517,0.114074,0.306523,-0.199638,0.151284,0.24493099999999998,-0.146295,0.133269,0.296724,-0.17208299999999999,0.137677,0.319836
441,-0.154161,0.108078,0.310589,-0.198704,0.152798,0.246421,-0.145964,0.133447,0.297028,-0.171705,0.13789,0.320215
442,-0.157161,0.112355,0.310653,-0.198256,0.153514,0.247123,-0.144868,0.13402999999999998,0.298027,-0.170456,0.138596,0.321456
443,-0.157462,0.1128,0.310652,-0.198224,0.153565,0.24717199999999998,-0.144868,0.13402999999999998,0.298027,-0.170456,0.138596,0.321456
444,-0.148748,0.07098,0.314705,-0.204214,0.143217,0.236677,-0.15696,0.127158,0.285646,-0.184289,0.13034600000000002,0.30628299999999997
445,-0.200141,0.066778,0.23582,-0.211029,0.052884,0.214504,-0.206513,0.051573,0.22140300000000002,-0.214838,0.049083,0.223365
446,-0.20734699999999998,0.024061000000000003,0.233002,-0.202836,0.017662999999999998,0.224978,-0.21259,0.01293,0.216867,-0.212592,0.012931,0.21686599999999998
447,-0.185937,0.067049,0.308788,-0.166285,0.046951,0.311664,-0.178688,0.056586000000000004,0.32404499999999997,-0.17869000000000002,0.056588,0.32404299999999997
448,-0.08709,0.063808,0.384718,-0.132326,0.073546,0.35379499999999997,-0.093462,0.066151,0.399741,-0.102391,0.07194500000000001,0.384146
449,-0.075718,0.089722,0.375059,-0.126103,0.10042000000000001,0.358425,-0.08484900000000001,0.085109,0.395429,-0.093324,0.088719,0.383968
450,-0.097236,0.10766600000000001,0.361473,-0.136745,0.138474,0.342212,-0.10451700000000001,0.11680499999999999,0.36343200000000003,-0.108091,0.11706,0.370609
451,-0.08468099999999999,0.15571400000000002,0.377237,-0.10839100000000002,0.170326,0.354541,-0.054034000000000006,0.12123099999999999,0.384144,-0.05901,0.149124,0.371178
452,-0.076517,0.157135,0.378716,-0.100079,0.189412,0.35075500000000004,-0.043668,0.13172799999999998,0.37828,-0.047839,0.151102,0.370632
453,-0.088278,0.156229,0.374229,-0.121155,0.177097,0.340818,-0.076932,0.133555,0.364667,-0.078375,0.142223,0.361883
454,-0.177801,0.125422,0.291643,-0.205287,0.140597,0.235138,-0.159088,0.12725899999999998,0.27984899999999996,-0.18843800000000002,0.130653,0.300546
455,-0.165984,0.086872,0.323463,-0.161676,0.063138,0.32048499999999996,-0.16613499999999998,0.072559,0.333956,-0.166164,0.072575,0.333945
456,-0.136999,0.005821,0.384889,-0.150869,0.017109,0.328521,-0.143529,0.027438,0.376932,-0.14363299999999998,0.028011,0.375891
457,-0.190047,0.066335,0.2482,-0.21736,0.098379,0.19322899999999998,-0.19227,0.089975,0.22562600000000002,-0.21999200000000002,0.086898,0.23331500000000002
458,-0.183478,0.032108,0.257701,-0.21644499999999997,0.100274,0.19956500000000002,-0.188433,0.096836,0.235787,-0.21695599999999998,0.094703,0.24550100000000002
459,-0.187495,0.065475,0.252753,-0.21261300000000002,0.086501,0.22168200000000002,-0.192947,0.086232,0.24563800000000002,-0.212959,0.083607,0.253367
460,-0.204814,0.013511000000000002,0.313034,-0.168297,-0.0051530000000000005,0.303624,-0.18087,0.0009460000000000001,0.335846,-0.180871,0.00095,0.33584200000000003
461,-0.13323800000000002,-0.05244,0.366879,-0.171047,-0.019073,0.304152,-0.157441,-0.027602999999999996,0.363192,-0.157884,-0.013655,0.347446
462,-0.12426400000000001,-0.045462,0.374143,-0.16436199999999998,-0.013743,0.311339,-0.144989,-0.016812,0.377179,-0.146878,-0.001261,0.357011
463,-0.21420300000000003,-0.0031149999999999997,0.254867,-0.18682,-0.006056000000000001,0.265497,-0.210046,-0.009655,0.259685,-0.21004699999999998,-0.009651999999999999,0.259684
464,-0.200544,0.059284,0.233706,-0.208637,0.046312,0.22171300000000002,-0.207921,0.046005000000000004,0.22562,-0.21256,0.044496,0.226804
465,-0.20085,0.072257,0.23437,-0.212292,0.063932,0.21469499999999997,-0.203035,0.063419,0.22904899999999997,-0.215533,0.060383000000000006,0.232544
466,-0.183766,0.017945,0.263628,-0.21596700000000002,0.099392,0.20388900000000001,-0.190094,0.093399,0.238166,-0.216034,0.09097999999999999,0.24726199999999998
467,-0.202994,-0.049686,0.249189,-0.200622,-0.021769,0.24042800000000003,-0.20681300000000002,-0.050543,0.226385,-0.206814,-0.050536000000000005,0.226383
468,-0.190579,-0.067497,0.260954,-0.20216900000000002,-0.027814,0.241866,-0.202374,-0.065376,0.229512,-0.202374,-0.065375,0.229512
469,-0.205112,-0.046322,0.246577,-0.19855899999999999,-0.019686000000000002,0.239958,-0.20868899999999999,-0.042552,0.225063,-0.20869000000000001,-0.042536000000000004,0.22505799999999998
470,-0.210765,-0.018567,0.237605,-0.197203,-0.008078,0.23732899999999998,-0.212089,-0.020850999999999998,0.22266799999999998,-0.212092,-0.020844,0.222665
471,-0.20084200000000002,0.054651,0.257292,-0.19232,0.031972,0.263421,-0.203401,0.045087999999999996,0.268584,-0.203434,0.045105,0.26857600000000004
472,-0.166436,0.086163,0.294223,-0.19013,0.103152,0.281631,-0.16719,0.10479000000000001,0.30089899999999997,-0.18095799999999998,0.10432000000000001,0.31195900000000004
473,-0.169503,0.06314199999999999,0.349141,-0.15243099999999998,0.030619999999999998,0.32805500000000004,-0.154309,0.043269999999999996,0.362502,-0.15431,0.043272000000000005,0.362501
474,-0.08350700000000001,0.117024,0.369603,-0.1223,0.16534300000000002,0.344971,-0.077646,0.12706099999999998,0.366111,-0.082723,0.128349,0.38061
475,-0.163017,0.160091,0.306849,-0.134208,0.16252,0.33537100000000003,-0.096937,0.127112,0.354716,-0.107602,0.144495,0.36793200000000004
476,-0.10395399999999999,0.11220699999999999,0.35592,-0.14490999999999998,0.15854300000000002,0.326606,-0.10703299999999999,0.127114,0.347148,-0.117068,0.128887,0.365075
477,-0.14798,0.11440299999999999,0.327925,-0.166467,0.127236,0.31204,-0.140692,0.112909,0.327648,-0.152428,0.11316099999999998,0.341416
478,-0.16711600000000001,0.091218,0.307462,-0.164401,0.066371,0.315242,-0.167571,0.0744,0.324683,-0.167573,0.0744,0.32468400000000003
479,-0.191666,-0.039001,0.31704,-0.176491,-0.02361,0.290689,-0.181707,-0.033763,0.3232,-0.181707,-0.033762,0.32319899999999996
480,-0.164615,-0.043285000000000004,0.320986,-0.182866,-0.030043,0.28617800000000004,-0.174352,-0.05896799999999999,0.323971,-0.173422,-0.044732999999999995,0.313328
481,-0.17943900000000002,0.066317,0.314077,-0.16311099999999998,0.045761,0.313837,-0.174794,0.057790999999999995,0.323925,-0.17498699999999998,0.057945,0.323825
482,-0.202009,0.026777999999999996,0.303678,-0.163069,0.001583,0.303168,-0.184745,0.011948,0.322882,-0.184746,0.011949,0.322881
483,-0.151344,-0.060197,0.334568,-0.186279,-0.031476,0.28475500000000004,-0.17383800000000002,-0.06030599999999999,0.324025,-0.1729,-0.045175,0.312786
484,-0.138153,-0.06904099999999999,0.339512,-0.190221,-0.034109,0.28233600000000003,-0.166401,-0.076688,0.324805,-0.16592,-0.049995,0.30642800000000003
485,-0.201579,0.024248,0.304414,-0.16321,0.003443,0.30390100000000003,-0.184473,0.015253999999999998,0.32291,-0.184474,0.015256,0.322909
486,-0.197588,0.038165,0.304714,-0.16103499999999998,0.013819999999999999,0.307332,-0.182859,0.027641000000000002,0.323079,-0.18286,0.027643,0.32307800000000003
487,-0.193267,0.04774,0.306378,-0.160721,0.022831,0.309764,-0.18098499999999998,0.037074,0.323276,-0.18098699999999998,0.037077,0.323274
488,-0.188369,0.06718400000000001,0.253528,-0.21115599999999998,0.078851,0.222804,-0.191557,0.08288,0.242522,-0.213423,0.079585,0.250656
489,-0.20718499999999998,0.018345,0.238314,-0.193899,0.008671,0.24213200000000001,-0.210006,0.008137,0.23015100000000002,-0.21000700000000003,0.008137,0.23015
490,-0.208887,0.0068909999999999996,0.237885,-0.191577,4.7e-05,0.244046,-0.21014000000000002,-0.003621,0.230062,-0.21036100000000002,-0.003192,0.22988000000000003
491,-0.20811300000000002,-0.024687999999999998,0.24272,-0.190872,-0.015992,0.246745,-0.207837,-0.030289,0.231584,-0.20783800000000002,-0.030282,0.231582
492,-0.199291,0.060070000000000005,0.235622,-0.204033,0.043094,0.232267,-0.204422,0.047221,0.23384000000000002,-0.21035700000000002,0.045293,0.23563499999999998
493,-0.13241,0.12278499999999999,0.344519,-0.162477,0.152849,0.30951799999999996,-0.12089200000000001,0.128297,0.332999,-0.13521,0.130662,0.353514
494,-0.120548,-0.012395,0.367995,-0.134889,-0.01899,0.303079,-0.108383,-0.035329,0.37136199999999997,-0.12203399999999999,-0.009892,0.344005
495,-0.13028299999999998,-0.038135,0.355988,-0.140362,-0.03511,0.28684499999999996,-0.13564600000000002,-0.047115,0.34417,-0.138578,-0.030313999999999997,0.329038
496,-0.177008,-0.019693000000000002,0.314267,-0.140266,-0.030195999999999997,0.284414,-0.161495,-0.022678,0.317891,-0.161497,-0.022674,0.317889
497,-0.186997,0.024947,0.254999,-0.162047,0.010951,0.277039,-0.182246,0.035503,0.257126,-0.194194,0.030302999999999997,0.26283
498,-0.193141,0.060725,0.248505,-0.16788599999999998,0.023948,0.27741,-0.177427,0.052378999999999995,0.25959699999999997,-0.196918,0.045624,0.269459
499,-0.186696,0.017579,0.253217,-0.159848,0.006097999999999999,0.275681,-0.183391,0.030445,0.256092,-0.19322899999999998,0.025903,0.260698
500,-0.19304100000000002,0.031471,0.242456,-0.155942,-0.002393,0.274235,-0.18556,0.015562999999999999,0.254817,-0.189073,0.013662,0.256415
501,-0.193376,0.038176999999999996,0.241884,-0.156619,-0.0008380000000000001,0.27454,-0.184506,0.024007,0.255436,-0.191573,0.020503,0.25869699999999995
502,-0.193664,0.046385,0.243203,-0.161103,0.008951,0.276093,-0.182626,0.034133,0.25654099999999996,-0.19407,0.029072000000000004,0.26195300000000005
503,-0.194429,0.004361,0.250401,-0.149301,-0.020975,0.269485,-0.186165,-0.007005,0.254461,-0.186175,-0.006995,0.254457
504,-0.151223,-0.050806,0.329096,-0.144931,-0.038849,0.276424,-0.159315,-0.049162,0.31085300000000005,-0.15934700000000002,-0.047643,0.309768
505,-0.1406,-0.049963,0.345171,-0.141706,-0.035322000000000006,0.282413,-0.154098,-0.035725,0.32541,-0.154116,-0.035411,0.32514
506,-0.13385,-0.047684,0.354277,-0.13945,-0.031097000000000003,0.28753,-0.149753,-0.027694999999999997,0.33387,-0.149774,-0.02745,0.33363699999999996
507,-0.093847,0.046393000000000004,0.379652,-0.128956,0.035551,0.336081,-0.092416,0.030113,0.382252,-0.10281199999999999,0.038451,0.368338
508,-0.10879000000000001,0.070518,0.367075,-0.130145,0.047218,0.340444,-0.103093,0.048402,0.371136,-0.10310899999999999,0.048415,0.37113
509,-0.123225,0.078335,0.345466,-0.13150599999999998,0.058105,0.342079,-0.11108399999999999,0.060396000000000005,0.360824,-0.11184000000000001,0.060021000000000005,0.362223
510,-0.107744,0.100133,0.356204,-0.123555,0.125398,0.352493,-0.090518,0.096171,0.353907,-0.099549,0.094591,0.37415
511,-0.140989,0.091166,0.327128,-0.152255,0.111972,0.32516999999999996,-0.129868,0.09617,0.31740999999999997,-0.150611,0.09374,0.342174
512,-0.164674,0.100793,0.306303,-0.16118,0.10910299999999999,0.31495700000000004,-0.139628,0.096169,0.302793,-0.165516,0.09336699999999999,0.328415
513,-0.15325,0.09171599999999999,0.313305,-0.15878599999999998,0.10968900000000001,0.317703,-0.135164,0.096169,0.309929,-0.15850799999999998,0.093551,0.33520500000000003
514,-0.07561799999999999,0.075958,0.376023,-0.12675999999999998,0.064217,0.345864,-0.073211,0.048931999999999996,0.386594,-0.091399,0.058227999999999995,0.369444
515,-0.084008,0.063252,0.378019,-0.127444,0.042724,0.338226,-0.078054,0.029875,0.389228,-0.097828,0.043161,0.36708
516,-0.192307,-0.008951,0.269599,-0.145073,-0.025378,0.2746,-0.181999,-0.013468,0.272067,-0.182,-0.013465000000000001,0.272065
517,-0.160616,-0.060528,0.307562,-0.157117,-0.046421,0.26502600000000004,-0.162144,-0.077231,0.278956,-0.162029,-0.067012,0.275573
518,-0.168692,-0.06154199999999999,0.295975,-0.153378,-0.044842,0.265393,-0.170043,-0.062265999999999995,0.275134,-0.170045,-0.062261000000000004,0.275133
519,-0.193456,0.011373999999999999,0.254977,-0.149004,-0.017708,0.273362,-0.184584,0.00114,0.263531,-0.18463,0.001174,0.263517
520,-0.192248,0.038355,0.245198,-0.15578599999999998,0.000352,0.27728200000000003,-0.18373599999999998,0.027860000000000003,0.256567,-0.19228900000000002,0.023791,0.260587
521,-0.184005,0.048060000000000005,0.274675,-0.14366900000000002,0.002411,0.298205,-0.167492,0.027889999999999998,0.305465,-0.167497,0.027889999999999998,0.305467
522,-0.187827,0.021662999999999998,0.28264,-0.142157,-0.008549,0.29191999999999996,-0.17296199999999998,0.008945999999999999,0.298475,-0.172986,0.008975,0.29846100000000003
523,-0.182252,-0.009609999999999999,0.275143,-0.161857,0.0006389999999999999,0.26706599999999997,-0.185997,0.027514,0.23935399999999998,-0.185998,0.027514,0.23935399999999998
524,-0.193023,0.011359999999999999,0.25941,-0.146926,-0.017143000000000002,0.276846,-0.18306,0.0021260000000000003,0.269928,-0.183065,0.002129,0.269927
525,-0.173729,-0.049994,0.299149,-0.148445,-0.040955,0.270492,-0.16708900000000002,-0.05341,0.292131,-0.16709000000000002,-0.053408000000000004,0.292131
526,-0.180249,-0.0531,0.277607,-0.151106,-0.042001,0.263533,-0.17701,-0.053411,0.260067,-0.17701,-0.053407,0.260065
527,-0.174372,-0.052779,0.295677,-0.148977,-0.042187999999999996,0.269244,-0.168078,-0.053412,0.28970500000000005,-0.168079,-0.05340399999999999,0.289702
528,-0.160895,-0.056567,0.31497,-0.147981,-0.042094,0.271671,-0.163526,-0.053411,0.300045,-0.163527,-0.053407,0.300043
530,-0.128636,0.035936,0.361373,-0.132878,0.008018,0.320903,-0.11900899999999999,0.019655000000000002,0.366555,-0.11919500000000001,0.019952,0.366101
531,-0.11968699999999999,0.087176,0.348788,-0.128505,0.080528,0.349451,-0.100703,0.071774,0.36272600000000005,-0.103648,0.070518,0.368869
532,-0.159119,0.076287,0.308893,-0.140797,0.042572000000000006,0.325171,-0.142287,0.060598,0.329823,-0.148247,0.058352999999999995,0.336828
533,-0.174652,0.039731,0.285431,-0.14535599999999999,0.012297,0.302526,-0.167516,0.037212999999999996,0.30152199999999996,-0.17066099999999998,0.035749,0.304057
534,-0.189828,0.015227000000000001,0.243594,-0.168622,0.003047,0.256243,-0.187176,0.022729,0.229708,-0.19935899999999998,0.016691,0.233467
535,-0.18846400000000002,0.004654999999999999,0.243957,-0.17519300000000002,0.012118,0.252117,-0.18512699999999999,0.035352999999999996,0.228552,-0.203981,0.027264999999999998,0.23431300000000002
536,-0.15525799999999998,0.079928,0.315564,-0.139164,0.053069000000000005,0.331739,-0.13150599999999998,0.064962,0.339989,-0.136811,0.06297799999999999,0.34722800000000004
537,-0.124727,0.08534299999999999,0.343672,-0.129297,0.06875,0.346839,-0.10275999999999999,0.06496299999999999,0.36472,-0.104023,0.064343,0.367322
538,-0.121885,0.058115,0.365391,-0.131501,0.028063,0.331904,-0.111426,0.036012999999999996,0.36905,-0.11144200000000001,0.03603,0.36903800000000003
539,-0.128148,0.011642,0.36316,-0.133198,-0.009479000000000001,0.310315,-0.115659,-0.010343999999999999,0.370103,-0.122262,0.002134,0.354475
540,-0.190795,0.03621,0.249433,-0.152186,-0.004103,0.27974499999999997,-0.182955,0.017968,0.266652,-0.185147,0.016794999999999997,0.267815
541,-0.191045,0.036851999999999996,0.246314,-0.162234,0.006359,0.271977,-0.184121,0.030335,0.251735,-0.194899,0.025373,0.25648899999999997
542,-0.16385999999999998,0.016007,0.336809,-0.136942,-0.012799,0.302093,-0.143012,0.003503,0.345364,-0.143019,0.003515,0.345357
543,-0.13496,-0.051307000000000005,0.350298,-0.14114000000000002,-0.033545,0.28464,-0.15220899999999998,-0.038597,0.327075,-0.152399,-0.035732,0.324637
544,-0.215133,-0.013447999999999998,0.28596,-0.1788,-0.011245,0.288097,-0.201294,-0.015894,0.301354,-0.201294,-0.015892,0.301352
545,-0.211313,0.03442,0.280882,-0.177275,0.016538,0.29381799999999997,-0.200373,0.023987,0.301555,-0.200379,0.023997,0.30154899999999996
546,-0.15441300000000002,0.101667,0.323727,-0.160777,0.09906000000000001,0.32510500000000003,-0.151661,0.095609,0.34183,-0.151661,0.095609,0.341832
547,-0.116815,0.10768499999999999,0.349849,-0.14492,0.133221,0.336452,-0.11951700000000001,0.114699,0.358526,-0.122174,0.114811,0.363004
548,-0.094046,0.114988,0.363369,-0.131655,0.157487,0.34116599999999997,-0.095648,0.12623399999999999,0.365691,-0.099398,0.126947,0.374108
549,-0.043916000000000004,0.103094,0.372887,-0.11876099999999999,0.178395,0.34274,-0.07418,0.135248,0.36897199999999997,-0.074183,0.135248,0.368975
550,-0.06949,0.118934,0.372246,-0.11642899999999999,0.181881,0.34276999999999996,-0.07228,0.135992,0.369128,-0.07753,0.138,0.381276
551,-0.12166199999999999,-0.011064000000000001,0.384351,-0.157616,0.004635,0.326098,-0.133213,0.005106,0.391791,-0.136448,0.018796,0.369629
552,-0.20871599999999998,0.040516,0.282896,-0.17737,0.022362,0.29446500000000003,-0.20061500000000002,0.02855,0.29933200000000004,-0.20061600000000002,0.028553,0.29933000000000004
553,-0.21677399999999997,0.014388999999999999,0.277165,-0.179759,-0.000333,0.28926999999999997,-0.202932,0.00043,0.298797,-0.202933,0.000434,0.298795
554,-0.214506,0.024531,0.277215,-0.17818599999999998,0.009127,0.291249,-0.20233299999999999,0.014553,0.298935,-0.20233399999999999,0.014555000000000002,0.29893400000000003
555,-0.11528900000000002,0.114253,0.355032,-0.142335,0.139267,0.337753,-0.112303,0.11895599999999999,0.3606,-0.11558800000000001,0.119242,0.366598
556,-0.11149200000000001,0.116417,0.356179,-0.14213599999999998,0.13966199999999998,0.337781,-0.11206400000000001,0.119074,0.36067899999999997,-0.11536099999999999,0.11936600000000001,0.366716
557,-0.09601599999999999,0.093174,0.369923,-0.13150599999999998,0.084066,0.356686,-0.09034299999999999,0.07552400000000001,0.40113699999999997,-0.099677,0.080665,0.38562399999999997
558,-0.120861,0.092889,0.377651,-0.139853,0.071487,0.34837399999999996,-0.120527,0.07283300000000001,0.384767,-0.120529,0.07283400000000001,0.384765
559,-0.127439,0.08955700000000001,0.375436,-0.142574,0.06969700000000001,0.34531100000000003,-0.129849,0.07269,0.37782,-0.129854,0.07269500000000001,0.377814
560,-0.179019,0.085216,0.302523,-0.178814,0.0665,0.30023099999999997,-0.183059,0.072663,0.31161700000000003,-0.183178,0.072716,0.311592
561,-0.197493,0.068083,0.241364,-0.20596,0.047581,0.238033,-0.209525,0.050343,0.240707,-0.21020300000000003,0.050138,0.240931
562,-0.21589,-0.012614,0.240934,-0.19864300000000001,-0.006423000000000001,0.247137,-0.21488200000000002,-0.021217,0.237285,-0.214883,-0.021214,0.237283
563,-0.21362399999999998,0.027217,0.282795,-0.178587,0.010433,0.29081999999999997,-0.19825399999999999,0.016863999999999997,0.30848600000000004,-0.198257,0.01687,0.30848200000000003
564,-0.21801500000000001,0.004499,0.261868,-0.186547,-0.002064,0.275562,-0.21047800000000003,-0.007541,0.273725,-0.210479,-0.007536,0.27372199999999997
565,-0.193825,0.066834,0.294222,-0.178252,0.049538,0.298697,-0.189703,0.058066,0.308949,-0.189834,0.05818400000000001,0.308867
566,-0.181015,0.08661,0.294907,-0.180398,0.07142899999999999,0.298234,-0.182081,0.076362,0.310366,-0.182083,0.076363,0.310367
567,-0.176846,0.09323200000000001,0.289011,-0.182399,0.085524,0.296178,-0.17633,0.08722,0.311436,-0.178464,0.086925,0.313191
568,-0.195987,0.069996,0.279371,-0.184776,0.048224,0.287235,-0.19705,0.055803,0.292605,-0.197294,0.055974,0.292512
569,-0.20868,0.04462,0.254436,-0.194277,0.030128,0.263202,-0.211148,0.029947,0.260341,-0.21115100000000003,0.029949,0.26034
570,-0.175059,-0.032072,0.302717,-0.196633,-0.027544,0.282221,-0.17957599999999999,-0.066273,0.32303699999999996,-0.177844,-0.04725,0.30941199999999996
571,-0.130668,0.08053099999999999,0.334825,-0.166893,0.111481,0.317558,-0.149429,0.10653599999999999,0.334806,-0.15398900000000001,0.10641800000000001,0.340054
572,-0.11663299999999999,0.109109,0.355483,-0.14252599999999999,0.11990899999999999,0.34177199999999996,-0.11916600000000001,0.10653599999999999,0.365466,-0.11916700000000001,0.10653699999999999,0.365467
573,-0.088374,0.11084200000000001,0.372471,-0.129866,0.12592899999999999,0.352527,-0.096733,0.10653599999999999,0.38066700000000003,-0.096794,0.10656099999999999,0.380657
574,-0.079739,0.116779,0.370992,-0.11916600000000001,0.16606700000000002,0.348521,-0.075907,0.127497,0.375182,-0.079654,0.128369,0.381655
575,-0.076334,0.11869500000000001,0.370438,-0.1147,0.179805,0.345387,-0.067936,0.134685,0.372218,-0.077606,0.137737,0.381287
576,-0.086884,0.153501,0.376305,-0.11368699999999998,0.18252100000000002,0.344694,-0.06658700000000001,0.13581500000000002,0.371713,-0.068276,0.14596099999999998,0.36757399999999996
577,-0.14085,0.162499,0.335556,-0.11348699999999999,0.18308,0.344544,-0.066528,0.135864,0.371691,-0.073334,0.153677,0.379871
578,-0.082569,0.157184,0.376445,-0.108706,0.186318,0.346595,-0.057612000000000003,0.136571,0.374307,-0.059775,0.14823699999999998,0.36947800000000003
579,-0.209781,0.042794,0.267771,-0.18609,0.022557,0.279723,-0.20696599999999998,0.027042,0.280771,-0.20696799999999999,0.027045,0.28076999999999996
580,-0.201779,0.062403999999999994,0.233552,-0.21412399999999998,0.05574199999999999,0.206512,-0.210056,0.049704000000000005,0.21598699999999998,-0.21585500000000002,0.047945,0.217171
581,-0.197107,0.063128,0.234808,-0.217108,0.077405,0.197526,-0.203324,0.072109,0.221099,-0.21938600000000003,0.068938,0.224921
582,-0.110575,0.119697,0.356278,-0.154782,0.163865,0.315339,-0.10988699999999998,0.13635,0.344988,-0.119914,0.139006,0.362164
583,-0.046623000000000005,0.102271,0.373431,-0.13013,0.174457,0.334931,-0.086613,0.13635,0.361441,-0.086617,0.136351,0.361446
584,-0.078664,0.154162,0.379832,-0.108011,0.186749,0.34702,-0.056205,0.13635,0.37497199999999997,-0.058507,0.148622,0.369839
585,-0.047409,0.096693,0.373942,-0.116006,0.144349,0.355199,-0.077529,0.102287,0.363982,-0.077533,0.102288,0.36398800000000003
586,-0.08946599999999999,0.08827,0.361501,-0.133753,0.128342,0.342477,-0.10797999999999999,0.10237,0.343806,-0.119776,0.10142999999999999,0.364268
587,-0.146748,0.106705,0.328231,-0.15370799999999998,0.120746,0.32364,-0.128805,0.102376,0.322448,-0.147265,0.10116499999999999,0.345474
588,-0.164435,0.107473,0.308005,-0.173045,0.11614400000000001,0.300572,-0.141806,0.102374,0.303552,-0.166665,0.100905,0.327895
589,-0.152312,0.076731,0.311679,-0.159276,0.086881,0.317108,-0.14843199999999998,0.085577,0.311832,-0.16456199999999999,0.082701,0.327836
590,-0.064347,0.086026,0.375216,-0.124695,0.105012,0.35416,-0.09093899999999999,0.085564,0.36796100000000004,-0.09094400000000001,0.085564,0.36796799999999996
591,-0.042020999999999996,0.098829,0.373581,-0.101365,0.181647,0.352036,-0.056857000000000005,0.11814000000000001,0.360041,-0.070151,0.12057000000000001,0.358265
592,-0.070825,0.102727,0.367476,-0.11089700000000001,0.175843,0.346869,-0.078859,0.118183,0.34980900000000004,-0.090043,0.11950899999999999,0.378499
593,-0.07954299999999999,0.11168399999999999,0.368461,-0.103237,0.181849,0.350247,-0.064965,0.118183,0.35676599999999997,-0.081057,0.120922,0.381708
594,-0.136899,0.107748,0.336672,-0.14294500000000002,0.12854200000000002,0.33368200000000003,-0.122082,0.103317,0.329327,-0.138566,0.102309,0.352147
595,-0.052324,0.09336699999999999,0.374801,-0.11869,0.128878,0.356784,-0.073241,0.0967,0.369985,-0.07739,0.097687,0.368243
596,-0.180267,-0.05619299999999999,0.280768,-0.163954,-0.039467,0.266872,-0.180565,-0.058232000000000006,0.262509,-0.180565,-0.058227999999999995,0.262507
597,-0.162742,-0.071991,0.307833,-0.173023,-0.045895,0.262727,-0.16986700000000002,-0.08048999999999999,0.268353,-0.169175,-0.06901900000000001,0.26643
598,-0.160933,-0.073028,0.310257,-0.170193,-0.04501,0.262902,-0.17411300000000002,-0.072729,0.266032,-0.17389200000000002,-0.068762,0.265142
599,-0.17974400000000001,-0.058687,0.280877,-0.16309,-0.041118,0.263852,-0.181204,-0.056547,0.262156,-0.181204,-0.056545000000000005,0.262155
600,-0.194659,-0.028237,0.260862,-0.156177,-0.029896,0.266916,-0.189089,-0.026805000000000002,0.257846,-0.18909,-0.026801,0.257845
601,-0.197129,-0.006311,0.255269,-0.15595,-0.019405000000000002,0.26964299999999997,-0.191163,-0.006272,0.256712,-0.191165,-0.006267,0.25671
602,-0.196979,-0.0007700000000000001,0.251004,-0.157219,-0.018078,0.26754,-0.192644,-0.00435,0.24680100000000002,-0.192696,-0.004291,0.24677800000000003
603,-0.18773900000000002,-0.048139,0.265055,-0.161858,-0.037618,0.261288,-0.185098,-0.050195,0.2513,-0.185099,-0.050192,0.251298
604,-0.16860999999999998,-0.07322999999999999,0.30307,-0.16839300000000001,-0.043623,0.260291,-0.17549,-0.073934,0.257255,-0.175173,-0.069961,0.256726
605,-0.19626,-0.017730000000000003,0.253577,-0.158476,-0.024239,0.263709,-0.191877,-0.01695,0.247096,-0.191878,-0.016946,0.247094
606,-0.153041,0.090683,0.319566,-0.142503,0.081721,0.335104,-0.13330699999999998,0.081625,0.335656,-0.14203,0.079596,0.347076
607,-0.09324500000000001,0.094621,0.359366,-0.123918,0.134331,0.35041100000000003,-0.095068,0.101778,0.354078,-0.10379400000000001,0.100914,0.372595
608,-0.194962,-0.009752,0.275566,-0.150396,-0.023888999999999997,0.280764,-0.18446600000000002,-0.015434999999999999,0.281835,-0.18446600000000002,-0.015432,0.28183400000000003
609,-0.19250799999999998,-0.020938,0.283666,-0.15011,-0.030472000000000003,0.279175,-0.178567,-0.025698000000000002,0.294729,-0.178569,-0.025689999999999998,0.294724
610,-0.19533699999999998,-0.011048,0.272288,-0.151228,-0.023053,0.276965,-0.185891,-0.01242,0.278005,-0.185893,-0.012416,0.278003
611,-0.19842,0.068649,0.240332,-0.195273,0.047793,0.242103,-0.182541,0.06301799999999999,0.235945,-0.21011,0.05545599999999999,0.245682
612,-0.197493,0.071255,0.239899,-0.195394,0.04811,0.241921,-0.182496,0.063137,0.23598000000000002,-0.210121,0.055577,0.24574400000000002
613,-0.188605,0.070138,0.253006,-0.19356199999999998,0.066268,0.25761300000000004,-0.17464000000000002,0.076136,0.25646399999999997,-0.203138,0.070224,0.270584
614,-0.10528,0.092058,0.352228,-0.14052,0.139776,0.333837,-0.109472,0.10981300000000001,0.335507,-0.125282,0.10976500000000002,0.361184
615,-0.112544,0.107278,0.354603,-0.13135,0.145861,0.340654,-0.10091900000000001,0.10987100000000001,0.34276799999999996,-0.114247,0.10983499999999999,0.367544
616,-0.082599,0.096152,0.36275,-0.122054,0.15137799999999998,0.347353,-0.090137,0.109882,0.35055,-0.10083099999999999,0.10985,0.374178
617,-0.113581,0.07007999999999999,0.362339,-0.131027,0.039019,0.33863499999999996,-0.105092,0.044747,0.377485,-0.10653699999999999,0.046018,0.37504299999999996
618,-0.15793900000000002,-0.06047999999999999,0.311414,-0.168653,-0.043711,0.270687,-0.164258,-0.079481,0.28696900000000003,-0.164052,-0.06501,0.280806
619,-0.195894,-0.005106,0.269871,-0.151659,-0.02033,0.278684,-0.186155,-0.006817,0.27812800000000004,-0.186155,-0.006815000000000001,0.278127
620,-0.188572,0.027656,0.288978,-0.146261,-0.005102000000000001,0.29522600000000004,-0.174068,0.020371,0.30643899999999996,-0.174124,0.020436000000000003,0.306404
621,-0.18366,0.030277,0.301726,-0.143993,-0.002236,0.30034,-0.167944,0.020402,0.317931,-0.16795,0.02041,0.31792600000000004
622,-0.150865,0.036049,0.353879,-0.135986,0.004457,0.318206,-0.132471,0.020409,0.361979,-0.132472,0.02041,0.361978
623,-0.12035799999999999,0.047061,0.363359,-0.130848,0.017953999999999998,0.32984,-0.101757,0.020408000000000003,0.384656,-0.110795,0.030277999999999996,0.368588
624,-0.134247,-0.069802,0.339505,-0.16181700000000002,-0.042533,0.27526999999999996,-0.160917,-0.065957,0.307888,-0.161053,-0.054091,0.300286
626,-0.192381,-0.037531,0.258022,-0.15974100000000002,-0.032539,0.260802,-0.189431,-0.035179,0.245613,-0.189432,-0.035174000000000004,0.24561100000000002
627,-0.193079,-0.035143,0.254284,-0.159276,-0.032057999999999996,0.26087,-0.190282,-0.035203,0.23535,-0.19028299999999998,-0.035199,0.235348
628,-0.177993,-0.057977,0.283793,-0.163356,-0.041892,0.265763,-0.177861,-0.05998,0.27114499999999997,-0.177861,-0.059974,0.27114299999999997
629,-0.162351,-0.044351,0.311328,-0.161913,-0.043555,0.27369299999999996,-0.15608,-0.0708,0.312533,-0.156721,-0.05337000000000001,0.301242
630,-0.15043,-0.056468,0.329537,-0.15629500000000002,-0.040267000000000004,0.276966,-0.16454000000000002,-0.052466,0.31078,-0.16450399999999998,-0.048785,0.308194
631,-0.17786,0.072242,0.28271,-0.152254,0.039718,0.312922,-0.162157,0.058346,0.311274,-0.16819,0.056282000000000006,0.316695
632,-0.163526,0.066843,0.298479,-0.15423599999999998,0.057302,0.316286,-0.156608,0.069826,0.312424,-0.166709,0.067034,0.321925
633,-0.15600799999999998,0.104718,0.318867,-0.15904400000000002,0.121226,0.317579,-0.13216,0.10292899999999999,0.31748899999999997,-0.152422,0.101729,0.34123400000000004
634,-0.188736,0.085074,0.262459,-0.186527,0.065319,0.272935,-0.174451,0.07510800000000001,0.26915100000000003,-0.197012,0.07028,0.282092
635,-0.182038,0.0842,0.274237,-0.16630599999999998,0.061186000000000004,0.303261,-0.165159,0.072988,0.29773499999999997,-0.178885,0.069686,0.308625
636,-0.129081,0.089382,0.340299,-0.13305699999999998,0.072495,0.34479499999999996,-0.11267100000000001,0.072837,0.36325,-0.11328099999999999,0.072614,0.364377
637,-0.069649,0.081992,0.376845,-0.124391,0.08569600000000001,0.353979,-0.087014,0.072837,0.379416,-0.09021799999999999,0.074289,0.376033
