,I0,I1,I2,I3,I4,I5,I6,I7,I8,O0,O1,O2,O3,O4,O5,O6
0,-1.6990563933102232,-11.066364053403785,28.385797084208583,122.02486403350932,120.82972701513202,485.67891079311244,123.6363738721016,118.80040852663984,564.6727515310939,-94.99854668705217,23.376381440851507,71.16951431193732,96.6360189250848,-0.07321989930076037,-17.74954517301135,4.678024515540439
1,-2.0627890082680653,-9.061220682843501,25.719196723645844,125.74064691352481,115.33844425640473,417.38613221806725,128.5963024899187,111.5507429048749,482.5403949863482,-94.95836180371737,23.583101997827733,67.88437931684605,92.02292990265887,10.714882554151457,-13.834141624154451,4.499305342104677
2,-2.2513293242978425,-17.11137113177041,18.90198233444884,130.726657397226,131.6005971824942,291.8944924346453,128.60144487628875,130.46045033213431,340.5212482613868,-94.99979241382992,23.22866831305907,75.14354153586304,81.19247794371681,-46.043770641583514,-20.04714261289125,2.7385647740009857
3,-1.212055335919579,-9.596030601476762,29.40471230505502,121.9993292390323,117.84411187524994,511.6157498221565,122.08561833898122,116.85856990350906,575.4752993894292,-94.99932985441019,23.34640487692311,71.3269269050132,97.3522623324956,-4.793349550499069,-17.564231042840518,4.411333332171773
4,0.5100324436001415,-1.683364987150256,25.052676350288344,139.0851611576301,95.53909977553113,436.3238551276983,136.81664311430117,96.30122585425835,398.26755236397366,-94.9659490788,23.69618591622658,65.17036688631151,92.06063471200777,8.355544291687053,-13.814608039908597,4.591531464313956
5,0.5100324436001415,-1.683364987150256,25.052676350288344,139.0851611576301,95.53909977553113,436.3238551276983,136.81664311430117,96.30122585425835,398.26755236397366,-94.96084944353954,23.961993113490866,59.11667038359218,84.85135936421324,2.4597516616444866,-14.955723254769106,4.909544005632213
6,-2.647522108603863,-2.2560367358984528,17.58561047376269,125.54696643252927,130.6795530049159,187.96596939922307,123.76491868110341,132.46952371545257,162.78560429302178,-94.99677103194063,23.28286418054568,73.65187596204598,73.3617258097398,-33.88826731634837,-20.164840082186256,3.752123390351079
7,-4.533269409860405,21.237106658312136,18.29913934403115,172.5994584446115,130.7050982607718,224.25524192448182,170.2854778863231,128.729269425098,182.6143599068168,-68.98267658831935,25.287193413869293,28.019402525587743,90.56682135351573,1.214275168591371,-0.0035467212647751927,-9.572524038246868
8,0.05987876777459844,-5.489408714049083,27.295651648589764,127.02639981141563,111.21624464887375,473.92715395256454,126.97437663635557,110.82005521852031,483.3807738499834,-94.99475205948761,23.55345048016742,67.35795617854481,89.81090582790762,6.665791606260949,-18.441622260314876,5.195170229524285
9,0.05987876777459844,-5.489408714049083,27.295651648589764,127.02639981141563,111.21624464887375,473.92715395256454,126.97437663635557,110.82005521852031,483.3807738499834,-94.98030639051117,23.593206951127506,67.49463562505218,91.45821009906524,10.384250062401575,-16.755266589676054,5.032578558928754
10,0.05987876777459844,-5.489408714049083,27.295651648589764,127.02639981141563,111.21624464887375,473.92715395256454,126.97437663635557,110.82005521852031,483.3807738499834,-94.98520752115586,23.620509568982477,66.71076388028709,89.79607919866714,9.80526126640163,-17.858367494216747,5.24282319698854
11,-1.6633045476651762,8.377304121189582,25.44772897050574,153.86167279724836,115.7217555423978,447.59754478333866,152.78619017753172,115.81004627248717,413.2591145029651,-92.55629483248283,24.365213203347217,48.96950817256881,87.54216832459798,2.2173068675232535,-0.36891811375988587,-1.1104353414989356
12,-2.9677910142899537,20.083444740789076,18.85012717564753,173.2116412063464,121.61574544446336,249.17663695060943,173.45635472511125,121.22753020029897,212.70630063457943,-69.95506902282402,25.530405004720848,25.027581956470154,79.48176933429491,-6.992882702442631,-0.006913258316233934,-8.558151582681703
13,-2.9677910142899537,20.083444740789076,18.85012717564753,173.2116412063464,121.61574544446336,249.17663695060943,173.45635472511125,121.22753020029897,212.70630063457943,-70.19702582971091,25.275703981640994,28.194109967786158,85.61875150760265,0.3992610022949123,-0.005175180245122822,-8.165118691118657
14,-2.9677910142899537,20.083444740789076,18.85012717564753,173.2116412063464,121.61574544446336,249.17663695060943,173.45635472511125,121.22753020029897,212.70630063457943,-70.28135520415853,25.322701038182323,27.5748100919577,88.5602861971362,0.4832430648002367,-0.004475002734596324,-8.793594595969196
15,-2.9677910142899537,20.083444740789076,18.85012717564753,173.2116412063464,121.61574544446336,249.17663695060943,173.45635472511125,121.22753020029897,212.70630063457943,-71.40160446950759,25.24073546054795,28.795510764025064,85.5516158153556,0.660977899748596,-0.006509936153419185,-7.34310972911996
16,-2.83802247926432,17.125385387245462,17.909764898412682,154.77987491737264,113.75479435884984,184.12986278019704,155.62598408686213,108.68012537418906,165.1935632442606,-78.75238950230646,24.67794386392469,38.47752682819056,69.78404142578974,-8.590808316472417,-0.08255883664220605,-5.098993443095332
17,-1.6633045476651762,8.377304121189582,25.44772897050574,153.86167279724836,115.7217555423978,447.59754478333866,152.78619017753172,115.81004627248717,413.2591145029651,-91.82966105667916,24.465794785888313,46.551705772846326,87.63277793928788,1.432794599551721,-0.25912153420427536,-1.9107683285623756
18,-6.772838118139379,18.18900540850253,29.774265003438444,162.53291558985487,131.24470932704565,687.9784239062744,157.79051589213594,128.50565993403072,519.3136653082611,-70.02885209377095,25.256151349564284,28.9870094444589,102.16944750901368,1.0305850077557623,-0.010294800653539016,-13.37009411060784
19,-6.772838118139379,18.18900540850253,29.774265003438444,162.53291558985487,131.24470932704565,687.9784239062744,157.79051589213594,128.50565993403072,519.3136653082611,-69.75379209438601,25.267092313954926,29.30502929838005,103.14733181865194,-0.320054152359503,-0.010218308032324428,-14.350285472048526
20,-0.10532198996305009,20.914036267008004,19.446583069242394,178.09863882416627,109.87297040729874,278.21821224228114,179.8928370097932,109.60119726849814,232.0757295660785,-76.31738502147621,25.512825803519167,25.550505766059555,76.55073121178238,-6.105907072510541,-0.020641276477589728,-4.9452787584983815
21,-2.3180503877363607,-9.753089517124973,18.05184895496752,125.07720317901023,129.98958162122935,227.41982079020664,123.0524550274381,129.95739947140547,228.4420335514457,-94.99214937726994,23.204762267416836,76.15932238924545,71.7435588807208,-31.767987013886813,-19.598494139092825,2.88089887385521
22,-2.3180503877363607,-9.753089517124973,18.05184895496752,125.07720317901023,129.98958162122935,227.41982079020664,123.0524550274381,129.95739947140547,228.4420335514457,-94.99437132050038,23.195796774598723,76.24756066811682,73.56422341094724,-30.81549009967983,-19.631687485532748,3.1667776717087484
23,-7.5303561426727414,0.8627501242505146,26.792325399510315,141.25533728380768,128.92909299095567,480.60040906244524,138.16873042406004,128.6491401413659,474.53158356330704,-88.95699782297045,24.160190341930655,55.20791359066097,91.0336647862095,0.6724853861582015,-0.24868507455705613,-1.9659857998170718
24,-2.8893720426468783,-7.032698031005727,17.88988746878113,121.71208410258717,127.93235293991093,207.81832060285987,120.03589062563466,128.10882166643452,200.3321804411623,-94.95873544074018,23.25519232935327,74.93111176820463,71.49370295520923,-21.00683288529822,-16.1795066280103,2.498839844932606
25,-2.8893720426468783,-7.032698031005727,17.88988746878113,121.71208410258717,127.93235293991093,207.81832060285987,120.03589062563466,128.10882166643452,200.3321804411623,-94.96694493729316,23.231349210385787,75.40874372080292,71.34026430938871,-25.153092852321702,-17.023561763074696,2.482761236954161
26,-1.5584084314289228,-14.55703224254449,27.997374925799996,129.7073282337356,120.14221634019384,493.84906898036274,132.0987251760962,116.15886224900744,625.833859886649,-94.98616437407878,23.531836643492813,68.251264672821,93.15624946057652,8.21475067594324,-15.197394307118918,4.543530863286251
27,-1.0507413141218351,-9.140885041224339,28.87823564576652,121.80538922137382,117.93738019110732,497.6250157842606,122.4185021127677,116.6880635533614,557.4663499235213,-94.88220771882534,23.63359261875627,66.66123448459027,91.29218609941637,8.861316986113223,-8.57238846743177,3.548571945659785
28,-1.0507413141218351,-9.140885041224339,28.87823564576652,121.80538922137382,117.93738019110732,497.6250157842606,122.4185021127677,116.6880635533614,557.4663499235213,-94.57518420665953,23.760865258904534,64.83798284068938,92.83243162666771,4.341862659768488,-3.946677631927214,2.3786343163332355
29,4.043698009576044,9.027534765566791,17.842441943224433,144.59463276466334,124.98202054948587,207.64065653341302,139.48582045281546,128.2859181405101,165.4877490193585,-92.24332508056528,24.803230413015115,38.824722469673794,64.18633593795983,-8.801655890799635,-1.8389123384064794,-0.1361822020338693
30,4.043698009576044,9.027534765566791,17.842441943224433,144.59463276466334,124.98202054948587,207.64065653341302,139.48582045281546,128.2859181405101,165.4877490193585,-93.93152623881616,24.356893605559048,46.7192995577354,64.83991125426296,-13.531641727257334,-4.191402377329256,0.8666625348221315
31,-2.8822421902858215,-7.259787399454195,17.915857505220632,122.60735637106731,127.87493503414302,210.34684485583008,120.91666126953169,128.13487528639655,202.58352030288034,-94.99672059889949,23.207392650133073,75.99856482579094,73.56664019120451,-34.760070704695714,-19.89407498575943,3.052151025839675
32,-3.961249426423328,16.167238621034965,26.3446427823707,161.2541161461365,125.77121327548062,523.7321102907343,163.21076691718682,124.55424374157505,458.01514496924113,-76.48749955588957,25.134414453756875,30.52315485111433,95.03205421783427,2.245826300173685,-0.01645084561344575,-8.926853228035991
33,-2.8822421902858215,-7.259787399454195,17.915857505220632,122.60735637106731,127.87493503414302,210.34684485583008,120.91666126953169,128.13487528639655,202.58352030288034,-94.9936426617256,23.20967307223405,75.79570847514071,73.26256771454946,-28.667043542765548,-19.92301279357215,3.6506704086071062
34,-4.078928283990464,-4.6849380052159315,17.726302687844854,129.68787206566878,128.33213495253474,204.24507438351688,128.13281487500709,131.47028343284956,165.054177135001,-94.08441513540654,23.419657562920836,71.23977984144004,67.07389678671423,-30.489250931400697,-3.11584623511856,-3.926916482444391
35,0.8510904256644055,16.964422706153968,25.03041551983703,166.5684966631663,111.98701805656846,460.29628193042464,169.48215720164296,111.42906429352531,402.75239314454706,-83.96454009192576,25.078502756967065,32.14948104536885,90.82186851587807,1.1545402212410105,-0.03415851812699158,-7.296154762386261
36,-4.078928283990464,-4.6849380052159315,17.726302687844854,129.68787206566878,128.33213495253474,204.24507438351688,128.13281487500709,131.47028343284956,165.054177135001,-94.06768917998991,23.637879312270282,65.68346813148993,68.10378765118061,-13.845593598603221,-3.2094464961894276,-0.6943329973533802
37,-0.45883245335145306,7.267192168932557,27.049780226899326,152.8450528772153,111.70532356836334,490.0035065587167,151.44841260779666,111.58363837886064,447.77636954196663,-94.41742623194793,24.287295632640408,50.99668429866976,88.41255744752961,2.5124038804133573,-1.4795707715128044,0.43279042533026635
38,-1.9894985694034093,16.365602903218754,17.962788082710343,153.6688030486655,109.50044341127631,193.00688868697068,155.3296676956695,105.35260945433895,162.24744367034324,-77.96699143928825,24.942720596166463,33.68246229912921,67.06542967272304,-18.381177311555078,-0.10436766533319235,-6.559263648790136
39,-8.501697754434705,1.0332901599914797,27.039445561465165,140.61309864182297,131.9268738749021,492.26404676194096,138.17931156310559,131.70156049774224,491.4118741549516,-83.63671197590389,24.231984798452075,52.22921398752018,94.55419937740601,2.1780219535006964,-0.13028302617356236,-3.589901794923174
40,-2.784055869877895,-5.684206936128501,17.754724353208893,124.38726126634946,129.97392639405825,202.0426256364956,122.60873323096108,130.77795591911578,187.33592787201036,-94.99994239323642,23.250585880160724,74.3633422639756,84.58824426232738,-51.166849884336294,-20.134269587569204,2.618782069736813
41,-2.784055869877895,-5.684206936128501,17.754724353208893,124.38726126634946,129.97392639405825,202.0426256364956,122.60873323096108,130.77795591911578,187.33592787201036,-94.99902556221326,23.22501837230724,75.40197404448867,76.5455606966487,-39.41792922583173,-20.051044170784134,3.093305605700439
42,-2.784055869877895,-5.684206936128501,17.754724353208893,124.38726126634946,129.97392639405825,202.0426256364956,122.60873323096108,130.77795591911578,187.33592787201036,-94.99993697400346,23.250817564525967,74.36052712262344,84.33261718903618,-50.810846729778895,-20.13551257346253,2.64975184578919
43,-5.998409598406251,-21.71808283684472,26.787745877314947,133.18177195972146,128.6602567003038,488.880786601857,136.09390117625898,124.9613370675062,670.6179086160619,-94.99987021948341,23.503363582283786,66.81836617803668,98.45455381957969,-9.694608968795992,-18.453054481409897,4.658081582686436
44,-9.01277061565289,7.848115825596224,27.798054447688838,146.8878794639942,136.75241754397422,548.3169598303582,148.32818717338404,136.23154860861422,534.3256393819379,-76.34088540827915,24.572641349480655,41.422741664508415,99.96582948903449,5.468280396201932,-0.05554848501825369,-7.9271707721600215
45,-4.074128031738834,-17.56455853924686,24.229980033686058,143.17451597831342,114.11358154940368,422.5911510318613,145.04313728990496,109.25716306105386,552.9405569490846,-94.99987594185451,23.57924949533696,65.51486358499726,100.0684298642522,-11.749526661631773,-18.688577167245334,4.918266098592529
46,-6.897108124023175,14.755819129791506,18.824353600040194,162.06833906212427,124.58618870164895,235.6748374876185,161.65545963162816,124.33708250679719,221.8892413340165,-75.48480622532495,24.93726827256835,34.2474941801117,81.31088705938265,1.9070240958264408,-0.0198444946710568,-4.773749952729982
47,-1.1791303242147528,-15.054564369578305,27.021339442889108,142.79519896238506,109.17105019032296,487.7315302419042,143.81828666432367,103.7229065110965,643.320029043335,-94.99973714054322,23.67785528614968,63.892852770722584,98.61593383294698,-8.951975673188915,-19.141226282419773,5.264838429097692
48,-0.12235556440511439,4.519973788883243,17.47454442567748,135.65622102957454,131.87805906296407,179.66520497999124,132.89163360593813,135.4286625047395,144.09567292992017,-94.85937382173209,24.128971023933882,53.89610096250808,69.29444514839506,5.253439420340716,-11.813902591660066,4.05671995770501
49,-1.1791303242147528,-15.054564369578305,27.021339442889108,142.79519896238506,109.17105019032296,487.7315302419042,143.81828666432367,103.7229065110965,643.320029043335,-94.99992710482478,23.789811549001058,60.107384608996036,97.9217048234711,-16.446821848280088,-19.574594269378597,5.313217346030997
50,-2.2963166773551396,8.176874760671138,18.65935942239387,146.0521661010661,103.9504197819282,242.61500431989256,149.46742117997366,101.54822507890938,182.29349480521398,-94.98962984989149,23.312516699893518,73.25706606645427,70.35322471102246,-28.849888703050837,-19.889162023778642,3.6005947759751042
51,0.395177999640622,-2.193611280002944,25.112860655122322,141.7462035995541,88.00132156722574,427.65628697311604,139.0304401269431,87.76014495734658,412.9965586856656,-94.9871863576113,23.704965906795827,64.31131166843447,94.70018592150615,7.854235368186032,-15.932165781472078,4.772936524239082
52,1.3929708697334122,17.808614389417496,21.357570491959585,173.0102153830859,101.20099482429022,345.3794613808628,175.25601304211406,101.76237838537753,291.44017464976815,-87.600724491447,25.487686190793234,26.451712727314952,71.37976942988188,-9.262560835260375,-0.14138869032277673,-2.03999401197237
53,1.3929708697334122,17.808614389417496,21.357570491959585,173.0102153830859,101.20099482429022,345.3794613808628,175.25601304211406,101.76237838537753,291.44017464976815,-88.9936274899838,25.32895918229608,28.78492454376974,70.57378059382347,-7.449554877079745,-0.2197336524495054,-1.1478071331869744
54,1.3929708697334122,17.808614389417496,21.357570491959585,173.0102153830859,101.20099482429022,345.3794613808628,175.25601304211406,101.76237838537753,291.44017464976815,-87.52404782263599,25.338704885674606,28.729326918196815,76.54163619405419,-5.684580410584388,-0.09740165739491322,-2.1340932895228755
55,-2.118415562889757,-9.08559308985716,18.134334621043305,127.68554276603523,128.44342746616115,230.68080155851374,125.59649955924428,128.74379403497295,228.88658389936685,-94.99973891018418,23.245431589840482,74.63586642948658,80.2560962601667,-45.17242796729848,-20.1100770627924,2.965762025266746
56,-5.738765537648789,-1.6587160087142032,29.163797070731903,139.80515443191695,122.67122739968825,541.4393935705906,135.23649150996724,122.42498348210333,527.5094813067309,-93.11905843837137,24.013490597867875,58.99643891731066,91.08807734731931,1.4351330060719916,-0.8510946310238168,0.14868988863191201
57,-8.605287934906286,-6.433474362981735,32.13201546779965,132.18672874456934,128.85976053518598,634.3082625571584,127.29321651102393,128.31694607594474,647.1580265717006,-94.74103028397512,23.784584292278417,63.72910118902212,94.80999791659653,1.7288319735146984,-4.005187261100893,2.534452644155161
58,-4.468622385707027,-5.097886070805994,20.92240999350583,127.45948615772349,137.17455561734727,330.43025738987154,132.32629668722373,137.93781457528516,272.6676653149861,-94.99992334432751,23.229262743098676,74.89319968622391,85.17123571289117,-47.96779431469624,-20.12982436407674,2.9753666160347043
59,-8.527770073526462,14.966405317192624,29.243841664933857,155.87813272633448,136.70335160226114,647.3671066416534,155.03548628382882,134.33273745780903,541.4379529892751,-70.75567331512046,25.101784631563675,31.309345478262756,102.40998265057786,2.3135213324015447,-0.01506699493830763,-12.651667417763239
60,-8.527770073526462,14.966405317192624,29.243841664933857,155.87813272633448,136.70335160226114,647.3671066416534,155.03548628382882,134.33273745780903,541.4379529892751,-70.87684705176171,25.07586209880129,31.71996266592625,102.54797845010533,2.639217023268674,-0.016414997579404646,-12.704221131264685
61,-8.232561893216696,-9.995918523775416,18.772762924875025,144.72408524818965,117.08580438003663,259.42254893291187,145.9477496498717,120.95126665180432,204.32609592337477,-94.9821006265439,23.24633449085523,74.88185713202459,71.52317166602278,-27.3770229110031,-18.810823200343883,3.0864521891552235
62,-8.232561893216696,-9.995918523775416,18.772762924875025,144.72408524818965,117.08580438003663,259.42254893291187,145.9477496498717,120.95126665180432,204.32609592337477,-94.98468234297331,23.24717513243823,74.66220871022763,73.07129423269117,-23.349774472424475,-19.06415890377884,3.6867926803183564
63,-0.8665581465702584,-9.3078094383063,31.663099452685834,124.46777002428185,113.96532644776417,576.8575315015723,122.35745187995343,113.57573740484334,650.6604887468676,-94.99989493814951,23.57875516237957,65.11326955122209,99.25061968287851,-11.112649626432864,-18.617268928454443,4.803729126936153
64,0.030204556517471955,9.289799554248903,27.3150754218875,155.5759224715415,110.76153751762523,500.9618445523467,155.549343874036,110.35725410886849,459.1648449455973,-93.64139276389012,24.390918458865745,48.466138746506786,88.75831942060275,2.0622721096253094,-0.6205223235119114,-1.1872087708595034
65,-5.3808818462875,12.897055937214445,19.091384439023955,163.25286856960315,108.24717288148777,254.24317739695314,161.4550067271625,108.48905030216227,221.18852607935713,-84.82529888577494,24.937232579481513,35.396599028368804,72.14789171258123,-1.3213532721301273,-0.13015921402741687,-1.5958354385704097
66,-2.141285414201491,-11.645311994180647,18.18709918674804,127.39458467943754,131.260545217435,241.9614921026344,125.20229917403763,131.04375423588425,250.92890529410298,-94.99972465090873,23.2164620673096,75.44801445962219,81.33622814047921,-43.825380071183645,-19.96365923062745,2.8675180289411553
67,5.189683150948754,14.98840892438563,17.710779260297937,145.1931153194516,122.38855862435524,191.70118565501392,141.18596267404797,123.44138151986132,156.34465556922993,-94.77095192935087,24.167433462630605,53.03047428430306,70.6608504216036,6.2166099495219385,-7.946711097879737,3.7715205904384166
68,-3.362171651692179,-3.6150168318905584,28.574358923151916,135.47353024087025,119.4197341129162,522.4166793668568,130.85042968704943,119.95630895099177,496.24677471474456,-94.91370120670707,23.69075987270346,65.95846527626573,95.30921531892292,5.7099117602403755,-10.142711011153288,3.895969734464173
69,-1.936451896412238,12.499757885257152,18.439096293216465,150.24962275765384,103.62493811451539,228.97544870149332,152.65990481511835,100.96092213671146,176.14338713111852,-91.98499009336093,24.76669596200589,38.44126559374726,64.62243583862666,-11.604936872580351,-1.5164947440942902,-0.37050722457382396
70,-1.936451896412238,12.499757885257152,18.439096293216465,150.24962275765384,103.62493811451539,228.97544870149332,152.65990481511835,100.96092213671146,176.14338713111852,-89.51783310550765,24.66111186784434,41.382265236890134,68.13039663558179,0.46662733872760176,-0.45336897488593936,-0.4621615654103757
71,-4.986475602612927,15.052811855477733,29.84008150983459,158.4393098647539,127.50117543573035,642.2448781110277,159.6493948748308,126.23505455252699,565.9008893434285,-74.7535015259747,24.98708705053808,32.9103639109295,100.84416380072126,3.928365265285463,-0.02660412017574535,-10.75146223805415
72,-4.986475602612927,15.052811855477733,29.84008150983459,158.4393098647539,127.50117543573035,642.2448781110277,159.6493948748308,126.23505455252699,565.9008893434285,-76.27193374618906,25.035493767081427,32.06540067241231,98.47256024168053,3.4629438433824054,-0.024041011504661907,-9.724496473433076
73,-0.3008518129560389,-4.012027887700554,29.53609162796822,132.48506006663834,115.36531838686848,556.8868336151285,129.6160343056387,116.95697140831994,521.1103794517014,-94.99904899684567,23.60620758648526,66.34441394890594,98.46498074812794,-2.154402494644716,-18.640780216619838,5.224354762954561
74,-0.9194029544902236,-5.169075597308965,29.669426811892805,130.84876715963222,116.4855241016401,554.9438396905434,127.76466387690911,117.85742252713204,533.748196262449,-94.99742585586417,23.58317337862632,67.1749643840759,97.90115966800273,1.4615205912488627,-17.710035364153363,5.060197201464761
75,-2.3155773262996573,-9.97760059768305,18.04343538716731,126.50869287215718,130.79036690258735,229.60506472478355,124.44138091211514,130.88569628679005,229.81028838434406,-94.99868143433964,23.163125742270246,76.78701681231016,80.35794247891869,-29.256562909972736,-20.00554802006046,3.9239857370233144
76,-3.3231332006542478,-17.442207592687936,18.90995792319829,130.4357426725294,130.66450098271014,290.1797281598791,128.86564489427693,129.57995677460607,333.755207858319,-94.99994386444634,23.246354981784727,74.47751176158188,84.85664127919934,-51.004191726594705,-20.128339877166553,2.6322158587259055
77,-6.340028265929747,15.75160609732083,31.30877729994554,158.751728211463,130.60521813934005,716.4212646167953,157.69223286206596,128.8188137151061,599.2039078893499,-71.81205012490095,25.090404040030627,31.34854152727017,102.03192225087811,2.7803166922045874,-0.017248607668226782,-12.211504588755826
78,-4.6976389493172155,17.589541756840003,33.12671323281165,163.41763696677236,125.54296131886989,802.4679307735768,159.8815015818912,123.88962136933351,630.7994989020999,-71.12100533550385,25.27077899501194,29.533790287006372,103.47282787508567,-1.283274901493486,-0.012076263370890187,-14.44564064637803
79,-4.013906470985761,1.1304060597608896,29.063754940745007,143.86960819281776,119.06056345617054,542.3576257640605,140.42022002220895,118.8168133576089,519.4173489963556,-94.35157253277883,23.99188752224665,58.57087281856491,93.04622589158504,2.6878611372161614,-1.9217517106160822,1.4673959862427703
80,-2.3473946557272476,8.037438379216525,18.676680383380614,145.8491786702995,104.34105749290126,243.5896025697605,149.30304481106555,101.98340762548848,182.92460176531958,-94.99236474827434,23.444967291400072,68.89207540365302,75.57450185401997,-6.718182578495632,-19.954204079403983,5.1799961814921
81,-2.51694188702723,-9.070450025471434,17.966788202460602,126.08907107491778,130.65372730921948,222.6314954973784,124.11143115438901,130.88422670231608,219.10768074829014,-94.99992179677926,23.246787963188876,74.51068213140925,83.7511248962633,-50.01775822890423,-20.11428379415686,2.65405065866583
82,-2.51694188702723,-9.070450025471434,17.966788202460602,126.08907107491778,130.65372730921948,222.6314954973784,124.11143115438901,130.88422670231608,219.10768074829014,-94.99994235181283,23.249392661641636,74.39174036392069,84.68246823742534,-51.08773250832055,-20.127161989115876,2.6219084857389148
83,-2.51694188702723,-9.070450025471434,17.966788202460602,126.08907107491778,130.65372730921948,222.6314954973784,124.11143115438901,130.88422670231608,219.10768074829014,-94.99902016543781,23.214736088019485,75.66349364900536,76.91430274306039,-38.97164185904679,-20.023075600731143,3.090380649870926
84,0.30523896205326945,-6.685303842407223,28.575368228234353,127.1868902199341,109.04902764417113,503.2887997427656,126.3291752489652,108.93783732620415,529.8956340602383,-94.91453982509253,23.721908838720108,65.12821636464554,94.50654724107375,5.835961375043111,-9.735192370290614,3.8241165591908
85,-0.8453349041099987,14.876815172391455,21.44546645793956,165.44000506559658,110.88454721616166,343.0373293821891,166.2916634907711,111.76777293071063,300.6007420286168,-88.6100751310859,25.221384558247085,30.593957732821572,73.1875683368139,-5.849043196917753,-0.17766286573564047,-1.2627352436152657
86,0.30523896205326945,-6.685303842407223,28.575368228234353,127.1868902199341,109.04902764417113,503.2887997427656,126.3291752489652,108.93783732620415,529.8956340602383,-94.97011087771982,23.628135710781617,66.91770734536833,94.76652056538926,8.083762819144807,-14.52302517086389,4.697491039126758
87,-9.105921742704956,-1.0225778275482165,31.48178812757592,137.17540662636037,133.11754723902294,634.3204575033093,135.83294300040146,132.76156569129057,648.8456626918188,-85.76278512335125,24.125076250172086,55.354987070699465,95.69835495690381,2.423706798766782,-0.22262142952213057,-3.341375152205333
88,0.8642896801172445,-16.582954469333476,32.66419284374327,133.29506566835906,118.61967841191283,649.800584916977,132.4161571079295,116.45628179503393,841.3687766866507,-94.99982490399327,23.63476044978338,64.91818063278812,101.48608676307336,-11.79696418533674,-18.457401051106807,5.006274288336296
89,0.8642896801172445,-16.582954469333476,32.66419284374327,133.29506566835906,118.61967841191283,649.800584916977,132.4161571079295,116.45628179503393,841.3687766866507,-94.98287246891468,23.561372354406842,68.51168790892535,96.07792083864118,8.532029555112457,-16.7706502875775,5.018717544405696
90,-5.557705426567472,-7.394266937506715,20.552670773822417,128.92289663363306,139.3675716793196,324.72270079101855,133.55211639003596,141.49120530809884,260.7093813686228,-94.99299760231273,23.189802496845058,76.40432342883572,73.47903291295101,-28.090839159061066,-19.749838990561457,3.346645750683242
91,-3.6861492229142536,11.818558696914568,29.35239155773683,154.91959484102662,123.29947165859691,593.9701872508502,157.84375506435183,122.43370280418631,556.8842013140186,-84.33871827081549,24.88913583537278,35.755350924549475,92.84696665198274,1.888961079716148,-0.052237733909296896,-6.672416786039803
92,-5.557705426567472,-7.394266937506715,20.552670773822417,128.92289663363306,139.3675716793196,324.72270079101855,133.55211639003596,141.49120530809884,260.7093813686228,-94.99756317572508,23.158788304753667,76.87634669656379,79.52234649119596,-25.378680283978497,-19.906581082111877,4.061756701901236
93,-9.531653986121784,-2.1850262271471195,33.18558567035888,135.22409825353446,134.07515627923357,696.8407925103481,134.34520063350027,133.53957164768624,722.797876974499,-87.12130034375845,24.104990977426894,55.898327434790005,96.08024350019713,2.5192875344909456,-0.2810475710210989,-3.132364918621939
94,-9.531653986121784,-2.1850262271471195,33.18558567035888,135.22409825353446,134.07515627923357,696.8407925103481,134.34520063350027,133.53957164768624,722.797876974499,-84.83561122970312,24.085143206975964,55.93642313017948,97.99202142954155,3.741036707756302,-0.2537885563811811,-4.000849638547987
95,-9.531653986121784,-2.1850262271471195,33.18558567035888,135.22409825353446,134.07515627923357,696.8407925103481,134.34520063350027,133.53957164768624,722.797876974499,-85.41651366614222,24.071815102716503,56.292659172236874,98.67083974922342,4.222107139394545,-0.3117440715298474,-4.428504037953801
96,-2.292564852443506,-4.931119667355989,17.94277171284027,127.4458236831157,126.08651358633959,209.95152050768735,125.34586198221312,127.47178525996401,192.42720903782396,-94.85880467997961,23.34231714688239,72.27366085737616,70.27362344667435,-25.13726999245965,-11.118253268613392,0.9322407382672745
97,-2.292564852443506,-4.931119667355989,17.94277171284027,127.4458236831157,126.08651358633959,209.95152050768735,125.34586198221312,127.47178525996401,192.42720903782396,-94.72761521003041,23.503637145466985,68.20007365606186,72.36758741935274,-3.485449476520498,-6.915661830277879,2.5017386513942097
98,-8.550468749653236,-22.44833071830115,20.058165767733055,128.76719295221721,126.68056948570919,331.87328015950766,130.05404407509639,124.57434149727683,411.6890630365211,-94.99944494703038,23.127471424066844,77.64661652249745,85.18604088854009,-30.35458265754787,-19.818143624836246,3.6919536026147566
99,-8.550468749653236,-22.44833071830115,20.058165767733055,128.76719295221721,126.68056948570919,331.87328015950766,130.05404407509639,124.57434149727683,411.6890630365211,-94.99994472717994,23.236841351978143,74.7285399777148,85.46002655306863,-50.49247174526661,-20.10185910838585,2.6418794975332585
100,-9.761082788988611,21.6299363552904,36.514696556988824,164.1687362863568,124.22395339494662,1035.2543118342041,156.9098009613296,122.52271203381893,604.164070727164,-71.58208518941856,25.360016903177602,29.408244827469506,104.39074370563108,-5.69539707561145,-0.01028437930959405,-15.906680301854548
101,-7.317436159965445,7.845301297275648,19.686698365993703,141.2799342072712,128.1301869114968,253.62656363038377,143.5638794933318,122.60243246114305,254.90357954716717,-84.28220423285353,24.27911695824342,48.53257790689678,74.05288050217672,1.7969708419969417,-0.12612058065544324,-3.555450936872457
102,-7.317436159965445,7.845301297275648,19.686698365993703,141.2799342072712,128.1301869114968,253.62656363038377,143.5638794933318,122.60243246114305,254.90357954716717,-80.11744495381318,24.39150223484784,46.18218428041775,77.51733582843579,6.33199015861373,-0.057637752126709,-4.123423019217745
103,-7.317436159965445,7.845301297275648,19.686698365993703,141.2799342072712,128.1301869114968,253.62656363038377,143.5638794933318,122.60243246114305,254.90357954716717,-81.69563451562071,24.351703254304457,47.53959616834108,76.58839026151038,6.62646938488276,-0.07792504904113456,-3.6827782721927327
104,-9.443154419326012,2.1496976565573873,31.998492238869847,139.7404215553624,135.81141135528082,669.1211116009579,140.7507924535865,135.25857876805284,683.109255935928,-83.54774460338638,24.142512628290365,53.763081159882304,99.7690556442865,5.099381135136755,-0.24415879899721624,-5.384851204446597
105,-9.443154419326012,2.1496976565573873,31.998492238869847,139.7404215553624,135.81141135528082,669.1211116009579,140.7507924535865,135.25857876805284,683.109255935928,-81.70851745623138,24.28167741456036,49.79044532019184,98.70097016635529,4.565415401434652,-0.13763172477897076,-5.54267944871204
106,-9.005747990996294,-20.725038021538513,19.50076596451833,127.1183179359078,123.58878724608067,298.8445958165404,128.59025414916795,121.89566270400606,348.2728341418563,-94.9999099424742,23.226180911192472,75.04832246142512,84.86086838176493,-48.44743112135876,-19.988437733642797,2.5871414124453853
107,-2.1424392001176247,11.557998352739807,20.52713855138933,162.2001277046661,103.30433334780126,322.8928634119803,159.9592752860228,105.35491165673119,259.1568996261935,-92.57788556984114,25.0574888830667,33.91125097497803,68.37127763402758,-7.129532183932128,-0.9615134041705689,0.6440456345556119
108,-0.6062652814998302,-8.36620464748846,32.59196870213345,127.16705561260879,111.50662917824052,605.5256833929262,124.94770278857392,110.63949453549266,682.9320345133427,-94.99992742154741,23.657826339456268,63.8878595178192,101.38274095393143,-15.133930336651803,-19.007875442342513,5.091097951319482
109,-2.1424392001176247,11.557998352739807,20.52713855138933,162.2001277046661,103.30433334780126,322.8928634119803,159.9592752860228,105.35491165673119,259.1568996261935,-91.62946715998488,24.95323451574253,35.91702946911881,72.15132567661502,-3.4901371401024965,-0.4633318697926272,0.27197083391298627
110,-2.732676950362096,-10.600594082649112,18.15155661104936,125.2277491897214,128.87194494731804,232.38756787412072,123.43572205370934,128.7290474973219,235.99677626797254,-94.97743225229345,23.2055527732079,76.00302975021327,73.36525079011918,-24.186517634924225,-17.847101020596448,2.5059259630519852
111,-0.6062652814998302,-8.36620464748846,32.59196870213345,127.16705561260879,111.50662917824052,605.5256833929262,124.94770278857392,110.63949453549266,682.9320345133427,-94.99956844048687,23.616647819201763,65.85884211370221,99.74079000790321,-6.070572945586164,-18.798785463518186,5.199578513192958
112,-2.732676950362096,-10.600594082649112,18.15155661104936,125.2277491897214,128.87194494731804,232.38756787412072,123.43572205370934,128.7290474973219,235.99677626797254,-94.96234756354328,23.234173416799393,74.98850709789065,77.40042728981791,-7.66943499343634,-15.61334906394676,3.7835909893831454
113,-8.557990426761464,-4.719313424837338,36.029806834882926,132.57283507192034,130.22616679839317,814.7422963714339,131.78087461650486,129.2019280608167,860.154581686065,-91.37144369714065,23.960673675328334,59.99507096181399,96.73473440284708,2.5560366909563377,-0.7694864598060793,-1.5865777315953213
114,-0.58824133516273,21.152679429336498,19.488021937912517,174.97996595317255,119.45923956426883,282.41787957419245,176.17708424305943,118.46618696999852,232.08983101212036,-74.07499598064057,25.251677199060623,28.824584835677296,87.10729466060535,-0.10037001358465548,-0.008324200857185873,-7.177789606697774
115,-0.58824133516273,21.152679429336498,19.488021937912517,174.97996595317255,119.45923956426883,282.41787957419245,176.17708424305943,118.46618696999852,232.08983101212036,-72.2927164764786,25.38303466208773,26.823634329834334,90.38794831377567,-0.01388721058438425,-0.005206410739161427,-9.105757042206923
116,-8.557990426761464,-4.719313424837338,36.029806834882926,132.57283507192034,130.22616679839317,814.7422963714339,131.78087461650486,129.2019280608167,860.154581686065,-89.84464541830012,23.976622699195545,59.58628731432236,97.34742845519959,2.9871251160387975,-0.612217762010443,-2.656517563303737
117,-6.304543162148866,7.552504896573465,19.721274305321987,140.93073176574813,124.04259878954193,259.95222493880715,143.18058299926577,118.77215388957254,248.5263588669153,-84.92005045032063,24.309398538656296,48.38852006686921,73.60490194021143,0.9951224209792239,-0.1498630918784327,-3.673737017931068
118,-8.921353434492653,21.73070696957951,39.952103483086745,165.99653472716864,115.62255277665099,1315.2522249193785,160.22806459661686,115.2074788768443,839.6846721386287,-74.00518145660563,25.43328992484089,32.19280881506568,105.53419496717717,-16.868365714206565,-0.008697127227404743,-18.265487807538957
119,-0.6491230252300658,-1.8975478298920758,32.31125739732024,139.98253127647692,109.32547180803076,624.0427727671264,136.9897630036162,108.38641721043918,623.6546077700598,-94.88433580619113,24.01302754660869,57.003796024497795,96.38792692364534,4.336580455620488,-6.71110450722213,2.2681025031805984
120,-0.6491230252300658,-1.8975478298920758,32.31125739732024,139.98253127647692,109.32547180803076,624.0427727671264,136.9897630036162,108.38641721043918,623.6546077700598,-94.945625289363,23.92208199156827,59.02971184682622,97.44595691562525,4.36402774041296,-9.786948953306863,3.1012163002077284
121,-0.6505012292696993,21.963015989321647,19.290846876777266,176.72125250860262,120.15027307448992,278.4222064507692,176.91692448504992,118.50847496928587,220.7231363998124,-72.34413333270697,25.393076917438023,26.71941636591297,89.33638181574413,-0.4057338918407062,-0.005043738995907867,-8.940466354425805
122,-5.281067123988768,18.162222376555146,38.923686527263946,164.39495638129006,119.05796308492394,1168.732588472442,161.5503484950489,118.40270059233987,853.3867503530237,-74.53300858599604,25.326610006151856,31.057878622207102,104.85420832799214,-8.522093679465312,-0.013345868674923421,-16.39305318902101
123,-0.6505012292696993,21.963015989321647,19.290846876777266,176.72125250860262,120.15027307448992,278.4222064507692,176.91692448504992,118.50847496928587,220.7231363998124,-71.29337260026517,25.417152362511455,26.350308203632316,92.35722662019678,0.0783042846647943,-0.004531573485105358,-10.070360734556946
124,-7.674210398148488,-9.220885297897627,39.281048696879026,127.55027625860434,127.413719447562,1052.5077583305474,128.76419420243468,125.47997840742055,1167.0720506181115,-93.84337031001395,23.70586513975714,66.07310242874776,101.50249867604809,5.549943925975612,-4.338985982459208,-0.6452282494995384
125,-7.674210398148488,-9.220885297897627,39.281048696879026,127.55027625860434,127.413719447562,1052.5077583305474,128.76419420243468,125.47997840742055,1167.0720506181115,-92.82595451565314,23.735433253714522,65.57962760140002,101.00650414999484,5.067540720154363,-2.622565357578063,-1.5987969551927486
126,-1.870588831407944,-13.563190633799303,18.38688434552011,128.96616972793436,131.83554108573418,259.2208790585635,126.63628306642885,131.38059192675306,278.87934771037925,-94.9985477948345,23.18593017947168,76.3458103216659,78.47397355586018,-35.57139250597514,-19.621975682739755,2.910566324646597
127,-2.606040636156464,-5.975734197545043,17.786523890309418,125.23791154579689,130.0142832945139,205.22338085266765,123.38092950050263,130.80919598920838,191.54925664220548,-94.99969116981661,23.247901721126514,74.52157082628631,80.05785904050722,-44.13555497506114,-20.114735999417057,3.0973683928388343
128,-6.003788225658555,-11.318896761493287,40.08200084567082,126.05694472361446,122.59297818592825,1160.1693027837541,128.21373646964852,120.05691434648699,1321.6449789691706,-94.2839371191023,23.644112113165214,67.38781394056038,102.80320034232389,5.736140081699077,-6.566514094775526,-0.48340644416228745
129,-2.917264272222388,18.935231716571156,19.335192670862796,169.26854338811626,124.79357040418336,269.43203842333725,170.03762314509746,124.57423837360093,234.24509663101213,-73.01290183036618,25.236858036161195,28.933262994683123,90.5014455004631,0.7280918601731775,-0.007164731724981271,-8.141694579114038
130,-2.7752666655438154,-20.690695243223384,39.008647836901474,127.95364261834362,120.51001239193855,960.5492923153608,125.05414060273543,116.19896471765192,1349.1417144794852,-94.82867386231715,23.559072750693698,69.00538868535115,103.80184465798465,5.175970409730525,-12.453288193614366,1.2696675022489454
131,-4.799426990594728,-19.255195969730426,19.226483883370236,129.89584300751721,130.5833997620415,304.4246371351955,129.0945302312361,129.15709210184028,360.5112142367264,-94.9999473266028,23.192164644703226,75.87579085499407,88.4540766606015,-47.31870920165373,-19.987451490930923,2.794978361557204
132,0.49333689892169463,7.954039890173152,19.606382575354502,140.61209110741956,96.69762248659104,259.24116966934514,142.81761004883762,91.12033799937139,243.30142716959907,-94.83758981250357,24.4187891794361,46.62724778799526,69.09264383662526,-2.786725840421001,-11.408983959865356,3.856828304982274
133,0.49333689892169463,7.954039890173152,19.606382575354502,140.61209110741956,96.69762248659104,259.24116966934514,142.81761004883762,91.12033799937139,243.30142716959907,-94.92730158014923,24.123646937721187,52.84033880677178,71.04289104126946,0.7692597671946438,-14.884701685945204,4.485566585072088
134,0.49333689892169463,7.954039890173152,19.606382575354502,140.61209110741956,96.69762248659104,259.24116966934514,142.81761004883762,91.12033799937139,243.30142716959907,-94.72503143724744,24.28173115001631,51.19659850842872,72.9047083971637,2.634825446646332,-6.4152863086588345,3.6279222394087487
135,0.49333689892169463,7.954039890173152,19.606382575354502,140.61209110741956,96.69762248659104,259.24116966934514,142.81761004883762,91.12033799937139,243.30142716959907,-94.90474234555728,24.26385788465625,49.982005674169,70.11693148113898,-0.15255282608979584,-13.910918926160416,4.306862529028104
136,-10.937300260107827,18.74765196531953,39.115103275145884,158.3868438722815,126.36512541470383,1209.8520235418246,156.17688945192057,125.4580391343624,799.0665579376343,-76.47530708028457,25.27504751014742,35.454744213765885,105.5838859979,-16.076126814369367,-0.013917463881027443,-17.87540149195184
137,-6.046153512765662,-14.32513349598461,37.08378114008658,120.29640840890102,117.07675820322946,767.1209276684399,117.03006221486511,113.39792152208204,1001.1994787346223,-94.52273145788494,23.546365253273414,69.88013367658999,102.35922038018384,4.997317594896212,-8.178592767719085,1.5683971302932562
138,1.3352471826093864,-17.643442287166767,35.59558190092983,134.29779681164553,117.37914618270398,761.5253922646993,131.70600429544163,115.73907711466497,1006.3401973336319,-94.99850755810589,23.698183523987485,64.02585192914508,101.45904109932412,-5.852533710235246,-17.042801886626485,4.53578906721202
139,-7.325221811891252,-10.144655901560466,19.812512007823123,139.4750734369363,114.72233024492948,283.21817294026727,142.08348388968642,115.45273868826546,256.05187121299866,-94.9135950253372,23.342177100808925,72.2820303441295,76.99440545659685,-0.4534185980064503,-11.911920186876314,3.525516518753359
140,-2.229480887357417,7.611558811064026,20.263200756312834,147.7088563658969,108.57760208895165,313.8306690968635,147.0711676620403,108.9964828520926,240.71021494608888,-94.4356357973181,24.54035969241373,44.07818953368995,67.71385374872698,-3.2282839119894846,-5.160500122438812,2.624472545082737
141,-2.229480887357417,7.611558811064026,20.263200756312834,147.7088563658969,108.57760208895165,313.8306690968635,147.0711676620403,108.9964828520926,240.71021494608888,-94.59266893204433,24.28045468615972,49.79147735479297,69.22148961413079,1.3539115732798919,-5.873705619431588,3.072169432362551
142,-2.229480887357417,7.611558811064026,20.263200756312834,147.7088563658969,108.57760208895165,313.8306690968635,147.0711676620403,108.9964828520926,240.71021494608888,-93.93235697648241,24.470141113416346,47.70092326568073,73.03873043962724,-0.7356023731334107,-1.985861886199969,2.1099475045207616
143,1.3352471826093864,-17.643442287166767,35.59558190092983,134.29779681164553,117.37914618270398,761.5253922646993,131.70600429544163,115.73907711466497,1006.3401973336319,-94.98760956046341,23.656972157034726,65.8568150168722,99.89826721293406,3.1530423363195847,-16.040906536302487,4.417562993998585
144,-0.8310680318866588,-20.281186783623934,37.86868819112422,132.1601844302256,120.43014070221024,879.4322777193884,129.03203949907237,117.25314295447859,1226.6109686213179,-94.99993441391346,23.65560322289284,64.26945926226342,102.37967277283906,-15.833668018696057,-18.990605564377823,5.105235701724894
145,-6.435952170106752,-0.6842957297890043,37.45309592138784,137.6470306137649,126.63816598651663,913.3190385153341,140.29878248395687,125.18573308860043,962.8963484175938,-88.26252086309879,24.209738248498915,52.25410681665424,100.62084314453864,5.4785313380251015,-0.48756945881414127,-6.5414275888497375
146,-6.435952170106752,-0.6842957297890043,37.45309592138784,137.6470306137649,126.63816598651663,913.3190385153341,140.29878248395687,125.18573308860043,962.8963484175938,-88.72941494123394,24.19319122541415,52.74943951213782,100.23434239267715,5.340162484216946,-0.5176911174112347,-6.09378167546505
147,-5.5265234327919766,-0.2352113807127906,20.811906526777303,130.72406879808966,135.0805622349105,309.8943241927523,134.29731799891238,132.51531500989176,273.9152499232411,-92.64676613835263,23.65479162219582,65.71527838587762,76.4948324838464,7.909269460090858,-0.7975847369712261,-1.2764476765724222
148,-4.848971245187499,3.704392980976266,36.477614800350665,143.50466405181282,123.48256891478174,861.4394158918263,146.49943817353824,122.21657415849322,880.4072382605815,-87.74219207139178,24.397255843174666,47.11799567740586,99.92635634940157,4.827811632274058,-0.30097635914360615,-6.93446592019644
149,-5.5265234327919766,-0.2352113807127906,20.811906526777303,130.72406879808966,135.0805622349105,309.8943241927523,134.29731799891238,132.51531500989176,273.9152499232411,-93.29029919414255,23.661172843874738,65.03623374494327,74.85419755718945,5.313177602494224,-1.217941263887307,-0.22754481014059402
150,-4.848971245187499,3.704392980976266,36.477614800350665,143.50466405181282,123.48256891478174,861.4394158918263,146.49943817353824,122.21657415849322,880.4072382605815,-89.05782985701904,24.32329162939071,49.29261175487992,99.57711548014744,4.782372387616003,-0.4151149250941966,-6.3596215728758105
151,-9.090491211036008,-21.292832341307747,19.722719517686063,128.50711284930796,123.4112600965329,309.4702169797123,130.02942564177596,121.66569149444082,365.9406836036614,-94.98656138052459,23.144912888008058,77.14450475375757,85.66391637222037,0.9720650133644486,-17.735334325306006,4.36145957803536
152,-9.090491211036008,-21.292832341307747,19.722719517686063,128.50711284930796,123.4112600965329,309.4702169797123,130.02942564177596,121.66569149444082,365.9406836036614,-94.99401073336792,23.111936645677492,77.84545219159119,86.14196388191036,-5.379617418014985,-19.19059878513949,4.725797024072502
153,-0.2655316354672167,-19.63078698596921,37.440571750822905,132.60689970691863,119.3862558328033,851.3741642103748,129.5224910150237,116.56080115488257,1175.2423783207953,-94.99746963419416,23.509886235388485,69.26303039418406,103.35029743648721,-1.9064800661441978,-18.801476635245084,4.489302226166955
154,-6.5232517905646,4.527633981464547,37.43520322594111,144.7434335338719,130.30419585131,950.0750912651495,149.4299317214491,129.35674523704847,955.2131921960857,-79.8112371667655,24.634321014482907,40.9809989474753,102.90134243689285,3.769552994882495,-0.08033058846305913,-10.071795885827562
155,-8.89931644464402,7.924917231951794,19.76211446862877,141.59901619161278,136.46043078489035,251.82361397776597,144.05163791117474,131.59657942067247,269.22502741233865,-79.73706171735424,24.386448810029993,47.063896272327156,84.23019124530668,5.27196230103113,-0.04825926377663114,-4.2939279514595
156,-8.89931644464402,7.924917231951794,19.76211446862877,141.59901619161278,136.46043078489035,251.82361397776597,144.05163791117474,131.59657942067247,269.22502741233865,-80.10564247491978,24.344307568688297,47.76615221765673,80.99806013424356,6.710031286007788,-0.0532558740843428,-4.232439959102225
157,-6.300318598608007,-4.935676163728275,38.65493722290954,132.96322634743214,124.67422653927754,994.1011314204025,134.79809824654313,122.8416242024034,1075.7014641806443,-92.19626678187302,23.977275846676196,59.07612828856162,100.35101657604007,5.119211414487213,-1.5183028123486464,-3.9011138868540884
158,-7.514628040487878,3.6136408827490474,37.15851979571856,143.0465394804546,132.83739370038947,931.8678803378158,147.807531631003,131.7590799297626,938.2277812441197,-80.7721506711241,24.536184203045977,43.111307580933435,102.69062354027457,4.545554570323804,-0.10386868518302636,-9.360151575406883
159,0.5155366157745012,19.705614961646223,20.56996684973061,172.4707596983667,115.07874637128863,318.897946789774,175.13801409783312,114.80300348581447,272.28248276232694,-78.60755905816666,25.29533362817838,28.437662300256637,85.92141630249677,-1.1180567915363417,-0.014631629465917112,-6.484111975012294
160,0.5155366157745012,19.705614961646223,20.56996684973061,172.4707596983667,115.07874637128863,318.897946789774,175.13801409783312,114.80300348581447,272.28248276232694,-78.22809576113107,25.273319163122945,28.70076028733088,87.44274300256663,-0.5652434587242064,-0.013636737268178064,-6.937640742894422
161,-7.514628040487878,3.6136408827490474,37.15851979571856,143.0465394804546,132.83739370038947,931.8678803378158,147.807531631003,131.7590799297626,938.2277812441197,-82.81719745115014,24.461583746571083,45.58517613869384,102.9793816364763,3.816877923886938,-0.1403332136504901,-9.37320822083517
162,-8.988792891812707,9.757474271055498,19.385496387645915,145.4266232445099,137.5102902600489,241.96001178177764,147.61533010613067,133.82969062952193,255.5474599720135,-77.95499047123764,24.447836001103482,45.0128750660094,83.00709581353819,5.990984873720001,-0.035801129459763985,-4.630187847186849
163,-0.6614355729998322,2.5296589989303593,19.05954232603172,142.04711563248682,107.00713161920831,247.3543365551052,142.72497739520787,104.70029543734091,228.26676563122777,-94.42899216108378,24.004521812020048,56.1605191395875,68.60098238308377,-2.296964186204983,-4.929541060357817,1.8888779342757587
164,-2.542095147190955,12.263940173173173,37.30488641569342,157.46093895852616,119.87287002620607,966.7309012960692,158.80481762136776,119.74291067491725,891.1204655566183,-78.90245863800116,24.93813698735272,35.044603897316435,103.22175358643227,1.1627047309916314,-0.04359289855477455,-11.711863609385201
165,-2.542095147190955,12.263940173173173,37.30488641569342,157.46093895852616,119.87287002620607,966.7309012960692,158.80481762136776,119.74291067491725,891.1204655566183,-78.89294214122545,24.96912279696394,35.04646117641901,103.66056205331292,-0.30616464578891184,-0.04021852406432142,-12.504485391364128
166,-1.9880640078010876,12.559485929571874,37.35334875598243,158.17370032164308,118.14821681786066,967.5060941137784,159.21524530317924,118.16790269553002,893.4394485364217,-78.72685089204191,24.993734909575558,33.9381607659521,103.07346768879056,1.021909128031723,-0.03981012628409,-11.8680279976419
167,-7.877655361511608,4.487123251166254,20.961753031046243,136.98098098552924,132.23391388594334,291.40455836920387,138.64657323896446,126.92235675506387,302.25850352845237,-82.26287449140501,24.2939925018742,49.639567641458164,80.97676340014719,6.178862337157518,-0.07645313142290666,-3.802583185076567
168,-1.0687943134793252,-11.69375603076757,34.95906604093003,125.40957877997614,111.78393543257016,682.6257079449957,123.4583610861495,109.65815601773502,842.087164700922,-94.89635098518393,23.557643747502627,68.98630987018043,102.88466542418662,6.89591857973456,-14.611067570095669,2.7354259508912713
169,-1.0687943134793252,-11.69375603076757,34.95906604093003,125.40957877997614,111.78393543257016,682.6257079449957,123.4583610861495,109.65815601773502,842.087164700922,-94.99643240911077,23.667770195402287,65.11298065643828,103.90299488433732,-9.282618025068956,-15.325691583268604,3.401245658703088
170,-3.1450517889465344,-12.155674149493429,38.634512478902586,123.7695177258159,108.96478074821484,883.5059740034241,122.9495434032744,104.05422445040351,1140.1089253481366,-94.99990461293152,23.660836906257018,64.18877840723322,103.18952709299518,-16.006058696909175,-18.80559237127595,4.829008690994802
171,-1.7484090660040854,2.2239333566610746,19.768653942171067,139.30853991942834,99.27803177833599,260.2386674190455,142.12652483370601,93.95106814120072,258.9452596164031,-94.95269066562174,23.747476830533742,61.57597385312966,71.37497323872518,-5.083075255469998,-16.798163669707684,4.300836620610858
172,-1.7484090660040854,2.2239333566610746,19.768653942171067,139.30853991942834,99.27803177833599,260.2386674190455,142.12652483370601,93.95106814120072,258.9452596164031,-94.97339794012007,23.485793549304802,68.21641450053895,76.15854977765851,0.37350455640468655,-17.519748542830154,4.770294009314231
173,-1.6440830360101362,-18.987357527599258,38.24902112159334,129.17146800162323,117.81426102210894,890.3503820392965,126.46966383478188,114.07782554083143,1228.6887572269063,-94.99981743712398,23.627557069283828,65.41374476847258,103.9186185000473,-16.68274810669105,-18.331162923755695,4.580730899873556
174,-1.615899892566385,-20.85516528241445,38.22455162180614,130.94954524713089,121.72447755819985,903.9390026986306,127.71340559835322,118.28865357647824,1269.7160256840907,-94.99990753952152,23.628989891051376,65.08292972903982,103.55973598959332,-15.993110855573327,-19.05499453488532,4.795786328770831
175,-2.6783132079330736,7.023013489870657,37.240497786642045,149.16319269966033,118.09530739630014,918.966139111749,151.5447801461243,117.4339304772912,916.7817514175604,-88.81445400174982,24.435753391797384,46.528422625167444,101.18149746850415,3.912954657692883,-0.3358813793260535,-7.553329311042164
176,-0.250154910775636,20.16899939496449,20.26030550444334,172.80889760255357,117.98364954565264,311.22930344619033,174.829535907558,117.35405683146611,261.82817532131423,-76.51270678650076,25.181294139830605,30.009010353889416,89.03500889843733,0.49646188903988425,-0.01112085015972218,-7.163671930861595
177,-2.6783132079330736,7.023013489870657,37.240497786642045,149.16319269966033,118.09530739630014,918.966139111749,151.5447801461243,117.4339304772912,916.7817514175604,-88.16891725603,24.458746369667093,45.787207329731025,101.42730360733417,4.042641194763647,-0.29145796450563843,-7.833088820468436
178,0.11558168672608542,2.312577523329912,17.64377493556857,134.32802385179158,129.3177086740872,191.57494809916824,131.4361718036341,131.68053623870796,164.15837760869792,-94.98610806794845,23.606191562369066,64.73127249850003,73.02049257461128,-7.7626829794301635,-19.562729537699177,4.971396310552483
179,-6.593185258801215,-0.43260895017685796,38.48051566559058,138.93580222180202,129.1444527994294,1008.476604195351,143.72337806155457,127.95085143386422,1063.523474633282,-83.7397461708508,24.382020373326622,47.07726057979845,102.32777250856121,5.168779046795342,-0.1864556938215264,-8.276764553788729
180,-8.358417647211825,9.176274289065804,20.003567697732986,147.9055222083916,135.27128899239977,271.11870340392693,148.48461121251168,133.39486097174623,276.7071505879955,-77.40679948616794,24.406329932838833,45.34936102929517,84.28472042840025,4.783168045572007,-0.029793161492612897,-4.931898319326082
181,-5.982828539569758,2.373396535817362,37.832126989107955,142.04375518106198,127.55282452297995,960.7462105536338,146.25764878826,126.44495909082667,993.3917820083923,-83.65935444636312,24.454172468156465,45.101599468142744,101.75856231939457,5.304515416245996,-0.17099755367244426,-8.327151792538421
182,-5.982828539569758,2.373396535817362,37.832126989107955,142.04375518106198,127.55282452297995,960.7462105536338,146.25764878826,126.44495909082667,993.3917820083923,-85.02365804543784,24.402886978012017,46.90573464634659,102.22840502600305,4.64660393345697,-0.21224266731744976,-8.409810598159778
183,-4.591961657895753,7.943243381316898,37.33884894538888,150.03591932522195,125.17407144830838,950.9763130574734,153.48425542304716,124.5434191959791,926.7941214943695,-80.19224714251352,24.769706303194102,38.01323583262245,102.72485609611877,3.1078525213567993,-0.06706609677590179,-10.453732423161686
184,-4.591961657895753,7.943243381316898,37.33884894538888,150.03591932522195,125.17407144830838,950.9763130574734,153.48425542304716,124.5434191959791,926.7941214943695,-80.56175654345175,24.720582101420277,39.12650010518431,102.80772238032351,3.235664673729905,-0.07448303643151034,-10.309828944496907
185,-5.297299614765241,-3.834796177125553,20.743005052097637,130.3644968712369,137.3219949899603,319.86092079353267,134.29073385431272,137.35010558725435,268.23382037952297,-94.71012095387087,23.261642852630857,74.3484379513363,82.0724230058547,0.8641726064777108,-4.605066689503674,1.3696059409238934
186,-5.297299614765241,-3.834796177125553,20.743005052097637,130.3644968712369,137.3219949899603,319.86092079353267,134.29073385431272,137.35010558725435,268.23382037952297,-92.53806124424028,23.721885936149885,63.92982647567252,76.52324401171627,8.618596061169905,-0.8027022760116844,-0.9534317334719988
187,-5.297299614765241,-3.834796177125553,20.743005052097637,130.3644968712369,137.3219949899603,319.86092079353267,134.29073385431272,137.35010558725435,268.23382037952297,-94.32500698777244,23.53949985188234,67.94879753732194,76.9593223057975,7.245438476905438,-2.787312423745567,1.1028805097560117
188,-6.698450500679184,-3.1532389756324077,38.89586068321023,135.65602254225212,128.38274663018942,1036.0520843360005,139.97453652309923,126.96184573205109,1115.3385930174836,-85.64475393193445,24.262993875703152,50.34258577905704,101.6858385968714,5.730562108668878,-0.30173796714600076,-7.367023758306135
189,-2.054133053818759,11.661066506773935,37.83771125452782,157.2451432224862,118.55002797903201,1000.3115468294408,158.8647834995466,118.59141510422573,934.768335948128,-78.99917406515874,24.97790450246511,34.47674533069212,103.3797472062691,0.48479749328440924,-0.041154107895631155,-12.030479166766346
190,-2.054133053818759,11.661066506773935,37.83771125452782,157.2451432224862,118.55002797903201,1000.3115468294408,158.8647834995466,118.59141510422573,934.768335948128,-78.4718987976005,25.00098025648464,34.28188575122944,103.63512670003195,-0.23088543798730138,-0.037042136920598115,-12.47107125449592
191,-2.054133053818759,11.661066506773935,37.83771125452782,157.2451432224862,118.55002797903201,1000.3115468294408,158.8647834995466,118.59141510422573,934.768335948128,-80.33862941422046,24.907467572399558,36.32905987819401,103.73003614246929,-0.2099799767424012,-0.049589100791078915,-12.092836145773749
192,-1.1460218709604366,4.118390380578761,20.407338589977897,140.50016566303356,93.21325244936249,284.4654334553297,142.91238819777988,88.075086401813,271.8505557602229,-94.97925952173355,24.010770332252708,55.9875665531661,73.59899182334169,1.2164095877272942,-18.858816497434745,5.205997814667545
193,-1.1460218709604366,4.118390380578761,20.407338589977897,140.50016566303356,93.21325244936249,284.4654334553297,142.91238819777988,88.075086401813,271.8505557602229,-94.98313966699152,23.84089911886007,59.310771523062265,73.23379119180942,0.6990450850967135,-19.234277913921893,5.207763610937853
194,-5.974323508059831,3.9710679044335904,38.012930994576756,144.8143931524181,128.980084575641,990.7454233086246,149.79479724429177,128.11743412621885,1001.3992328175912,-80.29632682509884,24.6085768754449,41.734376530833345,103.14398808829682,3.4891191017108563,-0.08413408985510587,-10.103211401094994
195,-1.1460218709604366,4.118390380578761,20.407338589977897,140.50016566303356,93.21325244936249,284.4654334553297,142.91238819777988,88.075086401813,271.8505557602229,-94.98357921149011,23.823747668620417,60.82802720746636,76.84105069971379,8.744641224031692,-18.79457880155851,5.429662532652083
196,-3.2435286356207502,5.404551678621915,22.927583703266777,147.4399367780179,118.5249838690974,386.9648152440539,144.94175819391037,119.8705210899937,334.0869437867072,-93.82404663609748,24.564807673606115,44.49931552714951,73.40573220953438,-0.7677349963391086,-1.5917212963589922,1.8804199984658174
197,0.7009461807645555,-18.879172446490717,36.538140730949145,134.1695760748884,118.62490925568338,805.6245756114351,131.2833134074506,116.3908265112707,1094.2842482506064,-94.9966824867935,23.706404918483496,63.99553022113475,103.16831443169963,-6.405090206859059,-16.12476966085088,3.724540369565531
198,-3.2435286356207502,5.404551678621915,22.927583703266777,147.4399367780179,118.5249838690974,386.9648152440539,144.94175819391037,119.8705210899937,334.0869437867072,-92.95727607527446,24.671409514111605,43.086019486048016,76.83112602927791,-3.2482824125021468,-0.7588186053191817,0.7346367363528326
199,0.7009461807645555,-18.879172446490717,36.538140730949145,134.1695760748884,118.62490925568338,805.6245756114351,131.2833134074506,116.3908265112707,1094.2842482506064,-94.95260303486204,23.54790451711422,68.91858963600313,103.44242321751483,8.245442017990333,-17.499079408060982,2.976342503082918
200,-8.741146818719631,6.447674984053704,20.437736923096477,141.51356649467107,135.0667827309801,276.60076096517554,142.86795320671,130.93840226413232,292.04849949659797,-82.26507776734194,24.03823301890487,54.15011782525251,82.26297411910684,4.022875441677237,-0.06606893468413096,-4.3784381003876005
201,-5.504674966408717,-5.6862788043226296,38.96167418468201,132.50628535138156,122.00267770423049,1018.6206542537489,134.05339633318403,119.95550684069082,1106.4437824259403,-93.73374572344925,23.872605578764606,61.88777553750848,101.31151668410116,5.6674785468217985,-3.606975615338644,-2.920119079443994
202,-5.504674966408717,-5.6862788043226296,38.96167418468201,132.50628535138156,122.00267770423049,1018.6206542537489,134.05339633318403,119.95550684069082,1106.4437824259403,-94.47047151901582,23.851701275213447,61.730522972289535,101.51510432931222,5.599813756525531,-5.522658528603433,-0.7701873526745279
203,-5.858904543131308,1.4323992785022461,22.3956779290572,132.33722071340932,129.8205543556645,344.2654270788141,133.45265999807927,125.80934327625992,328.6668727986603,-94.33493203521297,23.73931256515976,63.207201247971554,76.67201693746888,9.192169271975265,-2.8045901688636508,1.6533414713811352
204,-5.858904543131308,1.4323992785022461,22.3956779290572,132.33722071340932,129.8205543556645,344.2654270788141,133.45265999807927,125.80934327625992,328.6668727986603,-94.07280736197797,23.851746774807417,61.72508502957786,79.70492215976694,9.293090067753367,-1.933020066627008,1.205001563466896
205,-5.3063443805173405,-14.718487931548268,39.289868067118235,119.00680015682734,113.37088373697623,949.6010907853454,118.10107032038336,108.07896081421379,1253.8839726693952,-94.99947227429986,23.49341877230888,69.28652759818591,105.15910713676955,-13.321926582373045,-19.18115909519257,3.825719123043969
206,-6.028543969497307,-1.797519604695297,38.97359628313832,137.89294174810593,127.32883488824142,1049.4941206267065,142.70839839414717,126.06195136835817,1120.4089088715584,-88.46114300766389,24.168836958881748,53.806322689432925,102.44433167323815,4.50008193175749,-0.4869781767936809,-7.257586115674426
207,2.096652069580243,5.644849991765924,19.095203889793275,140.7199927462974,107.34249570463142,246.26584143455338,140.49071516974243,103.32417858267316,244.92673178766273,-94.99025885367384,23.578924193906936,66.05672171454204,77.82149069677511,4.8411084569026075,-19.3601904456204,5.388631503965063
208,-7.157087707018261,-10.694281807915175,20.27098549285746,137.3245438986909,107.15483624399378,283.4506494684173,140.11583141970578,105.34542322483732,289.2370003042362,-94.84639464414089,23.410427001749323,70.80613196078762,80.42381837440207,8.189659692153382,-8.02059528962318,2.8920675485881726
209,-2.1807707179031315,-21.21439406140356,38.106737852755714,129.82687268162206,123.46139495221341,895.919375643468,126.39072004531256,120.22137683638981,1260.6998719355659,-94.95318222387564,23.488999407843348,70.46207530899511,104.08391369624074,3.5700605464829773,-16.27961460765346,2.9394727467654778
210,-7.157087707018261,-10.694281807915175,20.27098549285746,137.3245438986909,107.15483624399378,283.4506494684173,140.11583141970578,105.34542322483732,289.2370003042362,-94.3338166277425,23.63160645070392,66.19166863053688,78.63332572658561,11.868610546702952,-2.6949406464863515,1.2256417172584817
211,-4.193471180048329,0.9621702952911331,38.17745284014287,140.86568414400367,120.80163897948773,967.3777953230564,143.69255553161867,119.38096024508228,1013.1950589944357,-91.5968400416002,24.1462455742553,54.358691528271095,101.21334354586698,4.920613729435441,-1.016076500135789,-5.681715273634511
212,-4.193471180048329,0.9621702952911331,38.17745284014287,140.86568414400367,120.80163897948773,967.3777953230564,143.69255553161867,119.38096024508228,1013.1950589944357,-91.99370576715893,24.169261032250816,53.30119543973289,101.38898567762679,5.1220093645301334,-1.027316352680791,-5.221791633626126
213,-4.193471180048329,0.9621702952911331,38.17745284014287,140.86568414400367,120.80163897948773,967.3777953230564,143.69255553161867,119.38096024508228,1013.1950589944357,-91.28663764835066,24.150479349793216,54.30486241847475,101.18659633426668,4.893251201988754,-0.9424636297982033,-5.903956587748936
214,-1.0514820446189936,3.543125901249728,20.809673736496908,142.44246497717532,91.79294708773897,305.76835639985813,143.70821541661658,88.29018037691706,277.7232226976797,-94.94018565997968,24.016601322986425,57.2450512357423,77.10673939224982,4.501371439177112,-14.220504417603864,4.7994529293464
215,-7.435468818980224,0.7865297516852264,22.773269743831783,133.9924178131493,130.300516961054,344.458704841113,134.10618021336526,125.47606883276922,350.6081768374983,-91.6723634545571,23.843451807955653,61.63359825387803,80.66614712211134,6.984281609801478,-0.5020821713242546,-1.366777406808544
216,-7.435468818980224,0.7865297516852264,22.773269743831783,133.9924178131493,130.300516961054,344.458704841113,134.10618021336526,125.47606883276922,350.6081768374983,-93.34331967709134,23.501879272481865,68.46376477469765,82.50951852715829,3.846709974181566,-0.897667638320373,-0.6915351405693935
217,-0.6154851559801623,-19.983742772351842,37.268660206682355,132.67241583041277,120.77812932040038,842.5097931406804,129.51586268451254,117.94291400139008,1169.1880812671952,-94.99642236510765,23.597998967430186,66.87256448149799,103.89678553209063,-2.233154272703721,-18.336655504951167,3.697250751328814
218,-7.435468818980224,0.7865297516852264,22.773269743831783,133.9924178131493,130.300516961054,344.458704841113,134.10618021336526,125.47606883276922,350.6081768374983,-91.698416619525,23.935799490768677,59.186945369620965,78.156912761612,8.804036815822977,-0.5490528724090191,-1.0080936003802254
219,-0.6154851559801623,-19.983742772351842,37.268660206682355,132.67241583041277,120.77812932040038,842.5097931406804,129.51586268451254,117.94291400139008,1169.1880812671952,-94.99138854008118,23.546851130698514,68.46988200285702,103.85909412861963,2.4730441917058124,-18.54574058322102,3.6213829487873235
220,-5.559102660542473,1.6357873515368564,23.102628442660865,136.1161512946335,127.43542807390504,369.3381758698522,135.28135144156585,125.10156572268342,348.3872762943413,-92.14131968702797,24.171399761428503,54.52258839914184,79.73843066739876,3.4141422415017884,-0.61196704713386,-0.14112947635546516
221,2.299085069913269,15.01060225729598,24.641744779161368,164.75958483739944,106.285937851679,433.23843904574,167.3242098780144,106.21003483234236,382.02378287817703,-92.29432077487824,25.028723843563235,34.161216297144506,77.92017816646037,-1.9331152999492527,-0.29075970066910223,-1.0559376846320907
222,2.299085069913269,15.01060225729598,24.641744779161368,164.75958483739944,106.285937851679,433.23843904574,167.3242098780144,106.21003483234236,382.02378287817703,-93.3745518434953,24.865437710606173,37.609331836624534,77.24978256423695,-1.3352630427838874,-0.602842182961299,0.2778398224934266
223,2.299085069913269,15.01060225729598,24.641744779161368,164.75958483739944,106.285937851679,433.23843904574,167.3242098780144,106.21003483234236,382.02378287817703,-89.39503891363545,25.114114888298282,32.411836458577255,81.38324593969607,-2.1925704504485513,-0.10101144071145565,-3.3616549264510716
224,-6.361315499836377,16.592325555249886,19.581253331399942,162.44888490974273,133.35321913355168,280.87693135205654,162.2817530656781,132.8491525528944,251.11700689352594,-72.47452640316794,24.97545137518086,33.369364223021606,92.52131342171486,1.674410700274714,-0.009766549045055856,-7.219618231335867
225,-6.361315499836377,16.592325555249886,19.581253331399942,162.44888490974273,133.35321913355168,280.87693135205654,162.2817530656781,132.8491525528944,251.11700689352594,-71.74633555360018,24.961002810699792,33.583951668596924,92.42189696767674,1.6769618509155237,-0.008727758290967396,-7.177335498086343
226,-5.265675029253114,-14.76650814342793,39.44069855585059,119.1233997102183,112.50372716169406,964.7850003637416,118.34870881273154,106.86570976100785,1281.8915623559826,-94.99968851720034,23.556424407392697,67.43066106665445,105.13545495061103,-17.638997848213943,-18.579600501065826,3.7917508161975024
227,-5.265675029253114,-14.76650814342793,39.44069855585059,119.1233997102183,112.50372716169406,964.7850003637416,118.34870881273154,106.86570976100785,1281.8915623559826,-94.61872767053246,23.51476295531396,70.51536959797592,102.93774021815113,6.828463411599965,-10.83710454201109,1.6875224084316915
228,-6.076684068144632,19.87717183061266,22.62804639433249,166.82365895406454,132.21119982996444,438.7096251520671,163.2013104851383,128.83423527845312,326.5575773335059,-70.05056925849337,25.34001400190977,27.418848906061815,98.10221495638747,1.075743136937382,-0.006209994729105403,-11.738505541099899
229,-6.076684068144632,19.87717183061266,22.62804639433249,166.82365895406454,132.21119982996444,438.7096251520671,163.2013104851383,128.83423527845312,326.5575773335059,-69.7760421344617,25.30492397449369,27.956577807932597,99.23664989276371,1.2793167183605678,-0.006871346662947013,-12.083305536842678
230,-5.761598764778463,0.21882273340220837,38.58741301812811,140.05988721466176,126.74092666694759,1016.4399499850215,144.57542294913765,125.57245594280649,1069.972159295886,-83.61414496750655,24.46530907918866,45.18888813700358,102.5866221266738,4.3942822401604005,-0.15645650362181113,-8.88224250172597
231,-8.354650697712355,10.393872557251097,19.87205817924545,150.5661160902731,135.80114571106947,271.4720758668885,150.77529915705475,134.6285217927458,271.3355122282505,-77.91739437478692,24.557779442534734,42.949045484119246,90.00143619144657,2.359562656933008,-0.03158624147988965,-4.64250241448726
232,2.562703870491276,-6.307752588736094,34.54397506367263,131.32136338197998,101.8487829435691,669.6213332448884,131.55271224035906,99.68356496914332,774.9351419197409,-94.951506040972,23.85865307279921,60.43116735492965,101.30842634565205,6.01038100360922,-13.357342286269727,2.39149967428773
233,-8.354650697712355,10.393872557251097,19.87205817924545,150.5661160902731,135.80114571106947,271.4720758668885,150.77529915705475,134.6285217927458,271.3355122282505,-76.93457056697737,24.61010173066443,41.52095431086706,90.61057024421602,2.5700563984497236,-0.02702212697690228,-4.9151731307561
234,-8.354650697712355,10.393872557251097,19.87205817924545,150.5661160902731,135.80114571106947,271.4720758668885,150.77529915705475,134.6285217927458,271.3355122282505,-77.91376484368548,24.607880238621217,41.799570117419975,90.68680877216802,1.9584938969714087,-0.02967151907735911,-4.654194703798309
235,-5.20859706314866,1.301301975628131,24.193789860692863,139.27992445988139,125.34733242173256,403.80728506678975,136.57484839596978,124.54924731063426,377.8289307260269,-94.61189005799635,23.982685945439176,58.147557684555025,78.98915840646018,6.2764759227585785,-4.25077714424016,2.879906167511394
236,-7.393336382299194,18.466881427953172,23.659799308850605,162.94442645861685,135.2168215184378,471.9744822458762,160.1306259509607,132.0324891465454,364.7254268178457,-69.84765467997926,25.22608627909998,29.021427780039126,99.1979631550281,1.949088193240257,-0.007895048913024335,-11.539136770325563
237,-9.56522384109765,-23.232341061429572,20.770098589383828,128.60771675318838,129.17084100892265,353.9395609809039,130.5817681626632,126.98808309813472,449.50991781988205,-94.99958046625098,23.09781925128321,77.98828615140515,98.65220905916374,-10.026909267575876,-18.67822587472916,4.163550189821262
238,-9.56522384109765,-23.232341061429572,20.770098589383828,128.60771675318838,129.17084100892265,353.9395609809039,130.5817681626632,126.98808309813472,449.50991781988205,-94.99993382921387,23.097459540432464,77.82538419120736,100.2354476035922,-22.88628231080073,-19.485927106088727,4.332772431145196
239,-5.647908291857244,-7.47436438434232,39.835283136180166,131.6222736023855,124.3958437844619,1136.4908985864959,135.64318200981833,122.5173477376653,1261.6927587615814,-91.25834966195262,24.022090268117342,57.68866198891281,101.61563631531271,5.511039400435165,-1.1782390781034526,-5.33320760702866
240,-7.999098137958749,3.093588904195066,22.50426952043162,140.65420763203454,131.03925529779252,343.82648845322973,139.4299397723278,128.31140830990628,351.29632817637236,-87.62078032395164,24.01484177291985,56.744998768053186,83.91728951049699,4.06530910672491,-0.16717569641393445,-2.695899280368284
241,-1.058061400414119,11.318035695894753,38.92957386648733,158.84110506418364,116.31029781686989,1099.1565461453704,160.87975574563418,116.64221355218747,1028.8575607361797,-80.19416589806308,24.997896636415582,36.322085168112736,104.66483493923785,-4.662903131752561,-0.03771552045808799,-14.055874850730468
242,-7.999098137958749,3.093588904195066,22.50426952043162,140.65420763203454,131.03925529779252,343.82648845322973,139.4299397723278,128.31140830990628,351.29632817637236,-85.93839899680988,24.196630481089834,53.18146420002001,85.0165005615846,3.9258298261939215,-0.13204387932099204,-2.8603824894995133
243,-4.609465846210185,-10.532986029712307,23.596059469136318,122.23096153653823,124.82399821260981,362.547633130681,126.96545278350575,121.77060939676697,403.5259149637047,-94.94462080816716,23.23883636656964,74.76516766487055,87.36841866347622,7.097279671679707,-11.882656335890237,3.4166244924640425
244,-2.877942776340521,8.147112904258544,38.30766300364357,152.0146725754553,120.52379980577777,1021.5507792295914,155.15572345302206,120.31932664888882,999.8579649044286,-82.37521397777462,24.789277709465726,39.001201559598954,103.85154327298862,-0.04862776728367367,-0.07054988216621286,-11.559313000516944
245,-2.309358362988093,-21.323012881229484,39.1230417994754,130.41741415278364,120.9233787208925,978.6583457220061,127.4769492535101,116.42433776089952,1385.4671670715356,-94.99994072669833,23.70373209725525,62.72097575699429,102.7758778713092,-15.491350573540364,-19.17462502060737,4.858322013069735
246,-6.589413646902279,0.14123691157989404,23.888372649514043,135.61200188133952,127.7387285453662,381.908639029412,133.9988276296721,124.59868104022142,376.61070764351916,-93.711177495113,23.821452989932986,62.64166540896926,83.57910521728361,7.04218111425868,-1.2720463210250652,0.543763899072606
247,-6.589413646902279,0.14123691157989404,23.888372649514043,135.61200188133952,127.7387285453662,381.908639029412,133.9988276296721,124.59868104022142,376.61070764351916,-93.85112640338278,23.88520755870558,61.62591630174412,83.81320432410706,6.568016651280846,-1.492555655884528,0.8903786376268576
248,-9.288509078008053,18.343849947002383,40.105515501953654,159.84263039279182,120.39776791988136,1317.673252148919,159.28967893745428,120.49283294250706,955.9017017885056,-80.45031018942623,25.279334367127408,40.77964019337649,105.87788430081093,-26.09935879231701,-0.014103105059442534,-19.05038951702805
249,-7.611700912792858,17.263140689616822,24.53886571835933,160.56503236095025,135.63250495619008,493.5972750230099,159.19017039300422,132.96001848837554,399.6333410518683,-70.2075088279011,25.216735475685862,29.185633762087623,99.66185380031587,2.0733724764578665,-0.009013285905457007,-11.690483555694685
250,-7.611700912792858,17.263140689616822,24.53886571835933,160.56503236095025,135.63250495619008,493.5972750230099,159.19017039300422,132.96001848837554,399.6333410518683,-70.06433653615363,25.131885970032545,30.422467190918546,100.18398097799374,2.8386245508536456,-0.010565401632015265,-11.488298770136307
251,-6.333131452459309,-0.008285253240417697,24.82568183712085,138.45361772553508,125.93811611298702,411.52499223861247,135.21938893524356,124.18176222787955,402.2505219244467,-93.66549612174236,23.917962601513878,61.008927706043394,86.22363066678929,4.839913744234841,-1.2112133569959078,0.6947979334657399
252,-7.860955882238073,4.562462765469032,22.585332948197458,144.25160120100654,131.40614692807912,355.8309419378634,142.55404702289997,130.27197002290168,355.64061793407615,-84.56048059014215,24.286075811205322,50.645827883844476,88.33854059936797,1.960505536025454,-0.09350186374483259,-3.0529177710633424
253,-7.860955882238073,4.562462765469032,22.585332948197458,144.25160120100654,131.40614692807912,355.8309419378634,142.55404702289997,130.27197002290168,355.64061793407615,-84.61718336302577,24.266652743365256,51.71659917592364,91.57919250876174,1.45770388821552,-0.1192747163878136,-3.1792061049549227
254,-7.8676294735756125,3.427587194599831,22.96341039503398,142.58280872554081,130.84449467865576,363.69904192663824,140.6782163786196,129.31295192406267,365.31128924354334,-86.8001440018702,24.186621627148654,54.26196797999998,90.13527273482737,1.286072591306368,-0.17074958666349996,-2.5667880972654493
255,-5.667290019769835,-14.443234733721185,23.974114703376024,124.25633664608853,124.6873233766628,379.1886737633507,128.50038344017338,122.01794592723739,441.475175847022,-94.99746876808557,23.141232850264547,76.84191707532896,95.88530395544022,-2.870973650808284,-17.722205674506228,4.262903063601261
256,-5.368279663273025,19.66590384397867,27.82098053594769,166.40226468072262,128.11490372668857,622.6281967037025,160.78595902044083,125.33450418589271,456.6901568850576,-70.21531574105072,25.349107403222998,27.49874855169154,100.64479967865532,0.6828530044077958,-0.007742432856439495,-12.950405204642495
257,-5.368279663273025,19.66590384397867,27.82098053594769,166.40226468072262,128.11490372668857,622.6281967037025,160.78595902044083,125.33450418589271,456.6901568850576,-70.35870743302755,25.293592359980927,28.20170893597665,100.55714879386866,1.3407282720829812,-0.008717287280647492,-12.611221380616026
258,-7.389370829611788,14.49585985311929,20.977893254442876,158.0935379873825,135.00649208334616,337.6739552259614,158.25429247122824,134.5059678502237,306.672512671853,-74.1642247140212,24.781401616477055,37.00041093744439,97.11562543675538,3.5541492699127515,-0.023237079472466973,-7.625874012353997
259,-7.389370829611788,14.49585985311929,20.977893254442876,158.0935379873825,135.00649208334616,337.6739552259614,158.25429247122824,134.5059678502237,306.672512671853,-73.92416348420677,24.77175847439088,37.12649000825843,97.61057651378174,3.8059731902329594,-0.023852012806713962,-7.7957428294710445
260,-0.2399953187671919,-2.887665471569606,27.127337771923766,131.29072013632873,119.61994116571444,508.25172188324615,128.9403076145874,122.452204722484,435.97420057760814,-94.99993893649165,23.442834730705858,68.5620110232355,93.34689241775375,-20.29710169392693,-19.89476184662788,5.09407236203955
261,-3.9338152247173612,-18.35462660784174,25.165747249913622,141.14377282063148,115.221117084013,444.8987461300345,143.42975485531005,110.51844186853145,586.7477383449854,-94.99995436304529,23.18931464238036,75.83631766350868,90.66779759456533,-41.921039704291665,-20.093518241986235,3.6835243442269334
262,-3.9338152247173612,-18.35462660784174,25.165747249913622,141.14377282063148,115.221117084013,444.8987461300345,143.42975485531005,110.51844186853145,586.7477383449854,-94.99997408155014,23.120661431972966,77.38724617110626,97.33200492168687,-32.22049008813076,-20.14238801398798,4.628448649437768
263,-6.264820760629449,9.461693415334537,21.682798423580667,152.49241864241316,129.43287673170664,340.18998639231734,151.5572953272156,129.61717946075987,325.9077562570434,-82.54380344052804,24.491667561104073,45.38511369492588,89.65201092645837,1.284745710632626,-0.05801778883771925,-3.7370428570789476
264,-6.805900993276147,5.935691734283658,22.44231729689971,147.10968664909728,129.21225912148807,355.4953553006963,145.15637656099065,128.6592603472326,346.3410981734169,-89.39073961451813,24.25463758342067,52.04459470664246,88.36244562283879,1.595825922438063,-0.19683622825705388,-1.6986775490492543
265,-1.5955406403953953,14.541107040994664,22.770671384452758,162.07925942180736,118.72095681625218,383.83544264650135,163.5458711994873,118.75849185737457,346.87237883438667,-84.61505880623362,24.728392914631012,39.68828183117737,88.5819538003598,0.83481740592561,-0.05101347438877969,-4.37337074274951
266,-1.5955406403953953,14.541107040994664,22.770671384452758,162.07925942180736,118.72095681625218,383.83544264650135,163.5458711994873,118.75849185737457,346.87237883438667,-84.47412861837175,24.752677855230914,39.20750394807001,88.89280543604173,0.6676533573048894,-0.050324429400603256,-4.691559588323816
267,-6.861072035605021,-2.441832875608204,26.428343353685708,136.25851358744572,125.84622217533884,452.31959437968226,132.19430309407488,124.0109734148802,447.8539657909446,-94.19692786317243,23.80722189068197,63.62687296205781,88.88024478807206,4.80906451093811,-2.1258915137750938,1.4337679967123371
268,-6.861072035605021,-2.441832875608204,26.428343353685708,136.25851358744572,125.84622217533884,452.31959437968226,132.19430309407488,124.0109734148802,447.8539657909446,-94.23223144917198,23.736137608768434,64.21674870336886,84.759437242031,8.46189424334614,-2.1760318985641933,1.3224473319632608
269,-6.861072035605021,-2.441832875608204,26.428343353685708,136.25851358744572,125.84622217533884,452.31959437968226,132.19430309407488,124.0109734148802,447.8539657909446,-93.49914344638854,23.877682159912464,61.64412227658792,85.53072359366762,6.199877558353069,-1.1871447182837362,0.4665170989167548
270,-2.5832163659298986,-9.527244502684416,23.11417151099841,140.3081069767564,102.00297678450795,366.2544269065243,142.761315800609,96.39134795211086,434.9732205324281,-94.99281747266336,23.435591262140882,70.2504276979073,89.41266791794541,10.71842174833489,-18.185488759150306,5.0289064798105905
271,-7.060624846982919,-2.871479964922016,27.180977939698625,136.52713060111972,125.84194851076558,474.62566311470164,131.96883451263056,124.45187682670972,471.39071862042033,-92.67230719602284,23.910132233995984,60.76927645837702,85.15972090371079,5.622911899006177,-0.762338560892085,-0.29420212234746834
272,-1.903878002330291,18.1775357186038,22.87989421577935,166.87422158911204,121.38608857909536,408.81664258220303,169.00273117674183,120.41495841165364,349.3771710378384,-77.44311946662381,25.15833108489744,30.235159200398453,92.96841357093858,1.7015202595987169,-0.015483248328861101,-8.35985830200423
273,-6.225567076132885,0.4590611813030644,25.35548681237954,140.90845706313226,125.16340850138552,429.88025237499517,136.99700970735728,124.28993702006618,418.677893604046,-92.603106558755,24.017451783281448,58.81427931371648,88.4808898670976,2.2534681247377457,-0.6478502915324094,-0.19890704570044906
274,-6.225567076132885,0.4590611813030644,25.35548681237954,140.90845706313226,125.16340850138552,429.88025237499517,136.99700970735728,124.28993702006618,418.677893604046,-92.01439116242656,24.09320061414493,56.90209635345127,88.62271443150209,1.6084070299392748,-0.4791957665571838,-0.5515437723485453
275,-0.1525417998101767,-2.524986598140554,26.976640684274127,131.76117314735885,119.71281234201814,507.31466576183243,129.36129970909678,122.75020696899843,428.6480123247576,-94.99209351461873,23.516179021644543,68.79718436613366,91.60160821255208,10.596070615539071,-18.291225636623462,5.210584690857505
276,-0.1525417998101767,-2.524986598140554,26.976640684274127,131.76117314735885,119.71281234201814,507.31466576183243,129.36129970909678,122.75020696899843,428.6480123247576,-94.9992714648183,23.64944218351276,63.903931768103895,90.18794512288414,-3.973368998342955,-19.34646415063265,5.292441689566223
277,-8.092757649134363,8.11043898393779,24.027332834315075,149.03017266707488,134.07058673963067,422.5278141995017,148.89791460213146,134.11030160159143,409.3085349958197,-81.75076889026715,24.27938621042228,50.09327678778665,97.83950744370664,4.040467011118006,-0.12968141869678879,-5.19867781664431
278,-8.092757649134363,8.11043898393779,24.027332834315075,149.03017266707488,134.07058673963067,422.5278141995017,148.89791460213146,134.11030160159143,409.3085349958197,-80.06216404611624,24.441790763390948,45.915713928936945,95.14895919001054,2.763004803538094,-0.06454649883138054,-4.889087974454368
279,-2.0254366492268945,9.00837365483455,24.8397180889809,154.48271430907766,117.10889235134304,432.13031575355564,153.6054489063924,117.24815486783868,399.2471401332565,-90.6256744188867,24.483480549659077,46.240186862091186,87.74842662877205,1.0966633086909157,-0.18749468978427086,-2.4777420671193187
